country,AFG,AGO,ALB,AND,ARE,ARG,ARM,ATG,AUS,AUT,AZE,BDI,BEL,BEN,BFA,BGD,BGR,BHR,BIH,BLR,BOL,BRA,BRB,BRN,BTN,BWA,CAN,CHE,CHL,CHN,CIV,CMR,COD,COG,COL,CRI,CUB,CYP,CZE,DEU,DJI,DMA,DNK,DOM,DZA,ECU,EGY,ESP,EST,ETH,FIN,FJI,FRA,GAB,GBR,GEO,GHA,GMB,GRC,GTM,GUF,GUY,HND,HRV,HUN,IDN,IND,IRL,IRN,IRQ,ISL,ISR,ITA,JAM,JOR,JPN,KAZ,KEN,KGZ,KHM,KNA,KOR,KWT,LAO,LBN,LBY,LIE,LKA,LSO,LTU,LUX,LVA,MAR,MDA,MDG,MDV,MEX,MKD,MLI,MLT,MMR,MNE,MNG,MOZ,MUS,MWI,MYS,NAM,NCL,NER,NGA,NLD,NOR,NPL,NZL,OMN,PAK,PAN,PER,PHL,PNG,POL,PRK,PRT,PRY,PSE,QAT,ROU,RUS,RWA,SAU,SDN,SEN,SGP,SLV,SRB,SVK,SVN,SWE,SWZ,SYC,SYR,TGO,THA,TJK,TLS,TTO,TUN,TUR,TWN,TZA,UGA,UKR,URY,USA,UZB,VAT,VEN,VNM,XKX,YEM,YUG,ZAF,ZMB,ZWE
AFG,0,0,0,0,0,0,0,0,0,0,0,0,0,0,0,0,0,0,0,0,0,0,0,0,0,0,0,0,0,0,0,0,0,0,0,0,0,0,0,0,0,0,0,0,0,0,0,0,0,0,0,0,0,0,0,0,0,0,0,0,0,0,0,0,0,0,0,0,0,0,0,0,0,0,0,0,0,0,0,0,0,0,0,0,1,0,0,0,0,0,0,0,0,0,0,0,0,0,0,0,0,0,0,0,0,0,0,0,0,0,0,0,0,0,0,0,3,0,0,0,0,0,0,0,0,0,0,0,0,0,0,0,0,0,0,1,0,0,0,0,0,0,0,0,0,0,0,0,1,1,0,0,0,0,0,0,0,0,0,0,0,0,0,0,0
AGO,0,0,0,0,0,0,0,0,0,0,0,0,0,0,0,0,0,0,0,0,0,0,0,0,0,0,0,0,0,0,0,0,0,0,0,0,0,0,0,0,0,0,0,0,0,0,0,0,0,0,0,0,0,0,0,0,0,0,0,0,0,0,0,0,0,0,0,0,0,0,0,0,0,0,0,0,0,0,0,0,0,0,0,0,0,0,0,0,0,0,0,0,0,0,0,0,0,0,0,0,0,0,0,0,0,0,0,0,0,0,0,0,0,0,0,0,0,0,0,0,0,0,0,0,0,0,0,0,0,0,0,0,0,0,0,0,0,0,0,0,0,0,0,0,0,0,0,0,0,0,0,0,0,0,0,0,0,0,0,0,0,0,0,0,0
ALB,0,0,0,0,0,0,0,0,0,0,0,0,0,0,0,0,0,0,0,0,0,0,0,0,0,0,1,0,0,0,0,0,0,0,0,0,0,0,0,0,0,0,0,0,0,0,1,0,0,0,0,0,0,0,0,0,0,0,0,0,0,0,0,0,0,0,1,0,1,0,0,0,2,0,0,2,0,0,0,0,0,1,0,0,0,0,0,0,0,0,0,0,0,0,0,0,0,0,0,0,0,0,0,0,0,0,0,0,0,0,1,0,0,0,0,0,2,0,0,0,0,0,0,0,0,0,0,0,0,0,1,0,0,0,0,0,0,0,0,0,0,0,0,0,0,0,0,0,1,0,0,0,0,0,2,0,0,0,0,0,0,0,0,0,0
AND,0,0,0,0,0,0,0,0,0,0,0,0,0,0,0,0,0,0,0,0,0,0,0,0,0,0,0,0,0,0,0,0,0,0,0,0,0,0,0,0,0,0,0,0,0,0,0,0,0,0,0,0,0,0,0,0,0,0,0,0,0,0,0,0,0,0,0,0,0,0,0,0,0,0,0,0,0,0,0,0,0,0,0,0,0,0,0,0,0,0,0,0,0,0,0,0,0,0,0,0,0,0,0,0,0,0,0,0,0,0,0,0,0,0,0,0,0,0,0,0,0,0,0,0,0,0,0,0,0,0,0,0,0,0,0,0,0,0,0,0,0,0,0,0,0,0,0,0,0,0,0,0,0,0,0,0,0,0,0,0,0,0,0,0,0
ARE,0,0,0,0,0,0,0,0,68,7,0,0,4,0,0,1,1,1,1,0,0,5,0,0,0,0,63,20,0,162,0,0,0,0,0,0,0,0,3,28,0,0,6,0,11,0,36,15,0,0,9,0,30,2,83,0,0,0,13,0,0,0,0,1,3,3,49,8,3,7,0,3,21,0,145,9,1,0,0,0,0,35,14,0,30,1,0,0,0,0,1,0,3,0,0,0,2,0,0,0,0,0,0,0,0,0,40,0,0,0,0,16,18,2,2,4,66,0,0,1,0,7,1,11,0,9,21,3,17,0,63,0,0,27,0,2,0,4,36,0,0,0,0,0,0,1,0,10,9,20,0,0,0,0,176,0,0,0,10,0,4,0,3,0,0
ARG,0,0,0,0,0,0,0,0,0,1,0,0,1,0,0,0,0,0,0,0,1,5,0,0,0,0,7,2,7,8,0,0,0,0,2,0,0,0,1,6,0,0,1,0,0,3,1,18,0,0,0,0,5,0,8,0,0,0,0,0,0,0,0,0,0,0,0,0,0,1,0,0,6,0,0,1,0,1,0,0,0,2,0,0,0,0,0,0,0,0,3,0,1,0,0,0,4,0,0,0,0,0,0,0,0,0,0,0,0,0,0,2,0,0,0,0,0,0,1,0,0,1,0,1,1,0,0,0,0,0,0,0,0,1,0,1,0,0,0,0,0,0,0,0,0,0,0,0,0,0,0,0,0,4,8,0,0,0,0,0,0,0,0,0,0
ARM,0,0,0,0,0,0,0,0,0,0,0,0,0,0,0,0,0,0,0,0,0,0,0,0,0,0,2,0,1,0,0,0,0,0,0,0,0,0,0,0,0,0,0,0,0,0,0,0,0,0,0,0,1,0,0,0,0,0,0,0,0,0,0,0,2,0,0,0,2,0,0,0,1,0,0,0,0,0,0,0,0,0,0,0,0,0,0,0,0,0,0,0,0,0,0,0,0,0,0,0,0,0,0,0,0,0,0,0,0,0,0,0,0,0,0,0,0,0,0,0,0,0,0,0,0,0,0,0,1,0,0,0,0,0,0,0,0,0,0,0,0,0,0,0,0,0,0,0,0,0,0,0,0,0,3,0,0,0,0,0,0,0,0,0,0
ATG,0,0,0,0,0,0,0,0,0,0,0,0,0,0,0,0,0,0,0,0,0,0,0,0,0,0,0,0,0,0,0,0,0,0,0,0,0,0,0,0,0,0,0,0,0,0,0,0,0,0,0,0,0,0,0,0,0,0,0,0,0,0,0,0,0,0,0,0,0,0,0,0,0,1,0,0,0,0,0,0,0,0,0,0,0,0,0,0,0,0,0,0,0,0,0,0,0,0,0,0,0,0,0,0,0,0,0,0,0,0,0,0,0,0,0,0,0,0,0,0,0,0,0,0,0,0,0,0,0,0,0,0,0,0,0,0,0,0,0,0,0,0,0,0,0,0,0,0,0,0,0,0,0,0,0,0,0,0,0,0,0,0,0,0,0
AUS,0,0,0,0,68,0,0,0,0,19,0,0,5,0,0,32,0,3,0,0,0,18,0,2,0,1,90,42,9,1391,0,0,0,0,3,0,0,0,8,97,0,0,18,0,0,0,21,41,2,0,17,3,41,0,227,0,0,0,6,0,0,0,0,0,27,14,92,9,56,26,0,7,26,0,19,62,1,0,0,0,0,69,5,0,10,0,0,4,0,1,2,0,2,0,0,0,4,0,0,1,0,0,0,0,0,0,53,1,0,0,0,32,13,1,34,6,30,0,0,0,0,12,0,7,0,0,14,1,5,0,46,0,0,157,0,8,2,7,38,0,0,0,0,7,0,0,0,2,38,26,1,0,0,0,393,0,0,0,44,0,3,0,5,0,0
AUT,0,0,0,0,7,1,0,0,19,0,0,0,17,0,0,1,0,0,1,0,0,4,0,0,0,0,20,35,1,30,0,0,1,0,0,0,0,2,19,176,0,0,12,0,1,0,2,26,1,0,7,0,31,0,78,0,0,0,15,0,0,0,0,1,2,1,8,4,5,1,2,14,67,0,2,9,0,1,0,0,0,12,0,0,1,0,2,0,0,1,2,0,0,0,0,0,2,0,0,0,0,0,0,0,0,0,1,0,0,0,3,47,9,2,2,0,4,0,0,0,0,9,0,8,0,0,0,2,3,0,3,0,0,4,0,3,1,8,17,0,0,0,0,0,0,0,0,0,4,3,0,0,0,0,98,0,0,0,5,0,0,0,0,0,0
AZE,0,0,0,0,0,0,0,0,0,0,0,0,0,0,0,0,0,0,0,0,0,0,0,0,0,0,0,0,0,1,0,0,0,0,0,0,0,0,0,0,0,0,0,0,0,0,0,0,0,0,1,0,0,0,1,0,0,0,0,0,0,0,0,0,0,0,0,0,0,0,0,0,0,0,0,0,0,0,0,0,0,0,0,0,1,0,0,0,0,0,0,0,0,0,0,0,0,0,0,0,0,0,0,0,0,0,0,0,0,0,0,0,0,0,0,0,1,0,0,0,0,0,0,0,0,0,0,0,1,0,0,0,0,0,0,0,0,0,0,0,0,0,0,0,0,0,0,0,4,0,0,0,0,0,1,0,0,0,0,0,0,0,0,0,0
BDI,0,0,0,0,0,0,0,0,0,0,0,0,0,0,0,0,0,0,0,0,0,0,0,0,0,0,0,0,0,0,0,0,0,0,0,0,0,0,0,0,0,0,0,0,0,0,0,0,0,0,0,0,0,0,0,0,0,0,0,0,0,0,0,0,0,0,0,0,0,0,0,0,0,0,0,0,0,0,0,0,0,0,0,0,0,0,0,0,0,0,0,0,0,0,0,0,0,0,0,0,0,0,0,0,0,0,0,0,0,0,0,0,0,0,0,0,0,0,0,0,0,0,0,0,0,0,0,0,0,0,0,0,0,0,0,0,0,0,0,0,0,0,0,0,0,0,0,0,0,0,0,0,0,0,0,0,0,0,0,0,0,0,0,0,0
BEL,0,0,0,0,4,1,0,0,5,17,0,0,0,1,0,1,5,0,0,0,0,11,0,0,0,0,9,60,10,51,0,0,0,0,3,0,1,3,9,69,0,0,16,0,3,2,1,27,3,0,9,0,47,0,63,0,0,0,12,0,0,0,0,1,2,0,6,6,4,1,0,4,45,0,3,7,0,1,0,1,0,5,0,0,2,0,0,0,0,0,2,0,2,0,0,0,2,0,0,0,0,0,0,0,0,0,0,0,0,0,0,51,5,1,2,1,4,0,0,0,0,11,0,6,0,0,0,6,1,0,2,0,0,12,0,4,0,7,22,0,0,0,0,0,0,0,0,3,5,5,0,0,0,0,56,0,0,0,4,0,0,0,3,0,0
BEN,0,0,0,0,0,0,0,0,0,0,0,0,1,0,0,0,0,0,0,0,0,0,0,0,0,0,0,0,0,0,0,0,0,0,0,0,0,0,0,0,0,0,0,0,0,0,0,0,0,0,0,0,0,0,0,0,0,0,0,0,0,0,0,0,0,0,0,0,0,0,0,0,0,0,0,0,0,0,0,0,0,0,0,0,0,0,0,0,0,0,0,0,0,0,0,0,0,0,0,0,0,0,0,0,0,0,0,0,0,0,0,0,0,0,0,0,0,0,0,0,0,0,0,0,0,0,0,0,0,0,0,0,0,0,0,0,0,0,0,0,0,0,0,0,0,0,0,0,0,0,0,0,0,0,0,0,0,0,0,0,0,0,0,0,0
BFA,0,0,0,0,0,0,0,0,0,0,0,0,0,0,0,0,0,0,0,0,0,0,0,0,0,0,0,0,0,1,0,0,0,0,0,0,0,0,0,0,0,0,0,0,0,0,0,0,0,0,0,0,1,0,0,0,0,0,0,0,0,0,0,0,0,0,0,0,0,0,0,0,1,0,0,0,0,0,0,0,0,0,0,0,0,0,0,0,0,0,1,0,0,0,0,0,0,0,0,0,0,0,0,0,0,0,0,0,0,0,0,0,0,0,0,0,0,0,0,0,0,0,0,0,0,0,0,0,0,0,0,0,0,0,0,0,0,0,0,0,0,0,0,0,0,0,0,0,0,0,0,0,0,0,0,0,0,0,0,0,0,0,0,0,0
BGD,0,0,0,0,1,0,0,0,32,1,0,0,1,0,0,0,1,0,0,0,0,3,0,0,0,0,11,1,1,23,0,0,0,0,0,0,0,0,0,4,0,0,0,0,0,0,0,1,0,1,1,1,4,0,16,0,0,0,1,0,0,0,0,0,2,2,10,1,1,0,0,0,2,0,0,5,0,0,0,0,0,10,0,0,0,0,0,1,0,0,0,0,0,0,0,0,1,0,0,1,0,0,0,0,0,0,9,0,0,0,0,0,0,0,0,1,0,0,0,0,0,3,0,0,0,0,10,0,0,0,15,0,0,2,0,0,0,0,0,0,0,0,0,2,0,0,0,0,1,1,0,0,0,0,41,0,0,0,0,0,0,0,0,0,0
BGR,0,0,0,0,1,0,0,0,0,0,0,0,5,0,0,1,0,0,0,0,0,0,0,0,0,0,0,10,0,3,0,0,0,0,0,0,0,1,0,6,0,0,1,0,0,0,0,1,0,0,1,0,1,0,6,0,0,0,1,0,0,0,0,0,0,0,1,0,0,0,0,0,2,0,0,1,0,0,0,0,0,0,0,0,0,0,0,0,0,0,0,0,0,0,0,0,0,0,0,0,0,0,0,0,0,0,0,0,0,0,0,0,1,0,4,0,0,0,0,0,0,0,0,0,0,0,0,0,0,0,0,0,0,2,0,0,0,1,0,0,0,0,0,0,0,0,0,0,1,0,0,0,3,0,4,0,0,0,0,0,0,0,0,0,0
BHR,0,0,0,0,1,0,0,0,3,0,0,0,0,0,0,0,0,0,0,0,0,0,0,0,0,0,3,2,0,4,0,0,0,0,0,0,0,0,0,0,0,0,0,0,0,0,1,0,0,0,0,0,1,0,2,0,0,0,0,0,0,0,0,0,0,0,3,0,0,0,0,0,0,0,1,0,0,0,0,0,0,1,0,0,0,0,0,0,0,0,0,0,0,0,0,0,0,0,0,0,0,0,0,0,0,0,1,0,0,0,0,0,0,0,0,0,3,0,0,1,0,0,0,0,0,0,0,0,0,0,2,0,0,0,0,0,0,0,0,0,0,0,0,0,0,0,0,4,2,0,0,0,0,0,0,0,0,0,0,0,0,0,0,0,0
BIH,0,0,0,0,1,0,0,0,0,1,0,0,0,0,0,0,0,0,0,0,0,0,0,0,0,0,1,0,0,5,0,0,0,0,0,0,0,0,1,3,0,0,0,0,0,0,0,1,0,0,1,0,0,0,4,0,0,0,0,0,0,0,0,5,0,0,6,1,0,0,0,0,2,0,0,0,0,1,0,0,0,1,0,0,0,0,0,0,0,1,0,0,0,0,0,0,0,0,0,0,0,0,0,0,0,0,0,0,0,0,0,1,0,0,0,0,0,0,0,0,0,0,0,1,0,0,0,0,0,0,1,0,0,0,0,13,2,3,0,0,0,0,0,0,0,0,0,0,7,3,0,0,0,0,0,0,0,0,0,1,0,0,0,0,0
BLR,0,0,0,0,0,0,0,0,0,0,0,0,0,0,0,0,0,0,0,0,0,0,0,0,0,0,0,1,0,2,0,0,0,0,0,0,0,0,0,1,0,0,0,0,0,0,0,0,0,0,0,0,1,0,1,0,0,0,0,0,0,0,0,0,0,0,0,0,0,0,0,0,0,0,0,0,0,0,0,0,0,0,0,0,0,0,0,0,0,0,0,0,0,0,0,0,0,0,0,0,0,0,0,0,0,0,0,0,0,0,0,0,1,0,0,0,0,0,0,0,0,1,0,0,0,0,0,1,0,0,0,0,0,0,0,0,0,0,1,0,0,0,0,0,0,0,0,0,0,0,0,0,0,0,1,0,0,0,0,0,0,0,0,0,0
BOL,0,0,0,0,0,1,0,0,0,0,0,0,0,0,0,0,0,0,0,0,0,0,0,0,0,0,0,1,1,0,0,0,0,0,1,0,0,0,1,2,0,0,0,0,0,1,0,1,0,0,0,0,0,0,1,0,0,0,0,0,0,0,0,0,0,0,0,0,0,0,0,0,1,0,0,0,0,0,0,0,0,1,0,0,0,0,0,0,0,0,0,0,0,0,0,0,0,0,0,0,0,0,0,0,0,0,0,0,0,0,0,1,0,0,0,0,0,0,0,0,0,1,0,1,0,0,0,0,0,0,0,0,0,0,0,1,0,0,0,0,0,0,0,0,0,0,0,0,0,0,0,0,0,0,1,0,0,0,0,0,0,0,0,0,0
BRA,0,0,0,0,5,5,0,0,18,4,0,0,11,0,0,3,0,0,0,0,0,0,0,0,0,0,30,13,6,16,0,0,0,0,9,0,1,0,2,32,0,0,3,0,2,5,1,21,1,0,9,0,38,0,55,0,0,0,3,0,0,0,0,0,3,3,11,11,7,1,0,0,32,0,0,10,0,0,0,0,0,5,0,0,0,0,0,0,0,0,1,0,0,0,0,0,8,0,0,0,0,0,0,1,0,0,0,0,0,0,0,17,10,0,1,0,0,0,5,0,0,3,0,57,0,0,0,0,2,0,4,0,0,3,0,2,4,1,3,0,0,0,0,0,0,0,0,0,3,1,0,1,0,4,104,0,0,0,0,0,0,0,2,0,0
BRB,0,0,0,0,0,0,0,0,0,0,0,0,0,0,0,0,0,0,0,0,0,0,0,0,0,0,0,0,0,0,0,0,0,0,0,0,0,0,0,0,0,0,0,0,0,0,0,0,0,0,0,0,0,0,0,0,0,0,0,0,0,0,0,0,0,0,0,0,0,0,0,0,0,0,0,0,0,0,0,0,0,0,0,0,0,0,0,0,0,0,0,0,0,0,0,0,0,0,0,0,0,0,0,0,0,0,0,0,0,0,0,0,0,0,0,0,0,0,0,0,0,0,0,0,0,0,0,0,0,0,0,0,0,0,0,0,0,0,0,0,0,0,0,0,0,0,0,0,0,0,0,0,0,0,0,0,0,0,0,0,0,0,0,0,0
BRN,0,0,0,0,0,0,0,0,2,0,0,0,0,0,0,0,0,0,0,0,0,0,0,0,0,0,0,0,0,0,0,0,0,0,0,0,0,0,0,0,0,0,0,0,0,0,0,0,0,0,0,0,1,0,1,0,0,0,0,0,0,0,0,0,0,2,3,0,1,1,0,0,0,0,0,1,0,0,0,0,0,0,0,0,0,0,0,0,0,0,0,0,0,0,0,0,0,0,0,0,1,0,0,0,0,0,1,0,0,0,0,0,0,0,0,0,0,0,0,0,0,0,0,0,0,0,0,0,0,0,2,0,0,0,0,0,0,0,0,0,0,0,0,1,0,0,0,0,0,0,0,1,0,0,0,0,0,0,0,0,0,0,0,0,0
BTN,0,0,0,0,0,0,0,0,0,0,0,0,0,0,0,0,0,0,0,0,0,0,0,0,0,0,0,0,0,0,0,0,0,0,0,0,0,0,0,0,0,0,0,0,0,0,0,0,0,0,0,0,0,0,0,0,0,0,0,0,0,0,0,0,0,0,0,0,0,0,0,0,0,0,0,0,0,0,0,0,0,0,0,0,0,0,0,0,0,0,0,0,0,0,0,0,0,0,0,0,0,0,0,0,0,0,0,0,0,0,0,0,0,0,0,0,0,0,0,0,0,0,0,0,0,0,0,0,0,0,0,0,0,0,0,0,0,0,0,0,0,0,0,0,0,0,0,0,0,0,0,0,0,0,0,0,0,0,0,0,0,0,0,0,0
BWA,0,0,0,0,0,0,0,0,1,0,0,0,0,0,0,0,0,0,0,0,0,0,0,0,0,0,1,0,0,1,0,0,0,0,0,0,0,0,0,0,0,0,0,0,0,0,0,0,0,1,0,0,0,0,1,0,0,0,0,0,0,0,0,0,0,0,2,0,0,0,0,0,0,0,0,0,0,1,0,0,0,0,0,0,0,0,0,0,0,0,0,0,0,0,0,0,0,0,0,0,0,0,0,0,0,0,0,0,0,0,0,0,0,0,0,1,0,0,0,0,0,0,0,0,0,0,0,0,0,0,0,0,0,0,0,0,0,0,0,0,0,0,0,1,0,0,0,0,0,0,0,0,0,0,2,0,0,0,0,0,0,0,2,0,0
CAN,0,0,1,0,63,7,2,0,90,20,0,0,9,0,0,11,0,3,1,0,0,30,0,0,0,1,0,38,7,716,0,1,0,0,5,0,0,0,14,122,0,0,19,0,2,0,25,47,4,3,21,1,95,2,219,0,1,0,6,0,0,0,0,0,5,3,80,15,61,6,0,17,42,1,10,48,1,0,0,0,0,39,2,0,14,0,0,0,0,1,1,0,6,0,0,0,8,2,1,0,0,0,0,0,0,1,12,0,0,0,3,45,14,2,9,4,12,0,1,0,0,83,0,17,0,0,11,3,4,0,57,1,1,52,0,5,2,1,25,0,0,0,1,2,0,0,0,6,65,32,0,1,2,1,637,0,0,0,7,0,2,0,13,0,0
CHE,0,0,0,0,20,2,0,0,42,35,0,0,60,0,0,1,10,2,0,1,1,13,0,0,0,0,38,0,3,191,0,1,0,0,4,0,0,2,29,259,0,0,17,0,0,1,1,54,1,1,14,0,90,0,191,0,0,0,12,0,0,0,0,1,3,3,23,9,11,0,4,20,118,0,0,24,1,1,0,0,0,17,0,0,1,0,3,1,0,2,2,0,0,0,0,0,4,1,0,0,0,1,0,0,0,0,0,0,0,0,1,63,17,1,3,0,0,0,0,1,0,17,0,12,0,0,0,2,1,0,7,0,0,20,0,2,1,9,28,0,0,0,0,1,0,0,0,1,9,3,0,0,0,0,368,0,0,0,5,0,0,0,5,0,0
CHL,0,0,0,0,0,7,1,0,9,1,0,0,10,0,0,1,0,0,0,0,1,6,0,0,0,0,7,3,0,6,0,0,0,0,13,0,1,1,2,12,0,0,0,0,0,4,1,14,0,0,0,0,9,0,10,0,1,0,1,0,0,0,0,0,0,0,4,3,4,0,0,2,7,0,0,2,0,0,0,0,0,2,0,0,0,0,0,0,0,0,0,0,0,0,0,0,5,0,0,0,0,0,0,0,0,0,0,0,0,0,0,8,2,0,4,0,1,1,5,0,0,5,0,2,0,0,0,0,0,0,2,0,0,0,0,2,0,1,0,0,0,0,0,0,0,0,0,0,1,0,0,0,0,0,32,0,0,0,0,0,0,0,0,0,0
CHN,0,0,0,0,162,8,0,0,1391,30,1,0,51,0,1,23,3,4,5,2,0,16,0,0,0,1,716,191,6,0,1,1,0,0,4,0,0,4,19,399,0,0,60,0,12,3,48,145,3,8,81,0,194,2,1443,0,8,1,23,0,0,0,1,0,17,19,171,41,63,31,2,18,165,0,33,438,0,6,0,0,0,292,9,0,43,2,0,0,0,4,12,0,1,0,0,0,18,1,0,2,0,2,3,0,0,0,106,0,1,0,9,126,60,3,97,7,131,0,0,22,0,101,6,20,0,1,55,1,32,1,206,2,0,1281,0,38,11,10,87,0,1,1,0,24,0,1,0,5,104,207,3,0,3,0,2951,1,0,0,36,1,4,0,11,0,0
CIV,0,0,0,0,0,0,0,0,0,0,0,0,0,0,0,0,0,0,0,0,0,0,0,0,0,0,0,0,0,1,0,0,0,0,0,0,0,0,0,0,0,0,0,0,0,0,0,0,0,0,0,0,0,0,0,0,0,0,0,0,0,0,0,0,0,0,0,0,0,0,0,0,0,0,0,0,0,0,0,0,0,0,0,0,0,0,0,0,0,0,0,0,0,0,0,0,0,0,0,0,0,0,0,0,0,0,0,0,0,0,0,0,0,0,0,0,0,0,0,0,0,0,0,0,0,0,0,0,0,0,0,0,0,0,0,0,0,0,0,0,0,0,0,0,0,0,0,0,0,0,0,0,0,0,0,0,0,0,0,0,0,0,0,0,0
CMR,0,0,0,0,0,0,0,0,0,0,0,0,0,0,0,0,0,0,0,0,0,0,0,0,0,0,1,1,0,1,0,0,0,0,0,0,0,0,0,1,0,0,0,0,0,0,0,0,0,0,0,0,6,0,2,0,0,0,0,0,0,0,0,0,0,0,0,0,0,0,0,0,0,0,0,2,0,0,0,0,0,0,0,0,0,0,0,0,0,0,2,0,0,0,0,0,1,0,1,0,0,0,0,0,0,1,0,0,0,0,1,0,1,0,0,0,0,0,0,0,0,0,0,1,0,0,0,0,0,0,1,0,1,0,0,0,0,0,1,0,0,0,1,0,0,0,0,1,0,0,0,1,0,0,4,0,0,0,0,0,0,0,2,0,0
COD,0,0,0,0,0,0,0,0,0,1,0,0,0,0,0,0,0,0,0,0,0,0,0,0,0,0,0,0,0,0,0,0,0,0,0,0,0,0,0,0,0,0,0,0,0,0,0,0,0,0,0,0,0,0,0,0,0,0,0,0,0,0,0,0,0,0,1,0,0,0,0,0,0,0,0,0,0,0,0,0,0,0,0,0,0,0,0,0,0,0,0,0,0,0,0,0,0,0,0,0,0,0,0,0,0,0,0,0,0,0,0,0,0,0,0,0,0,0,0,0,0,0,0,0,0,0,0,0,0,0,0,0,0,0,0,0,0,0,0,0,0,0,0,0,0,0,0,0,0,0,0,0,0,0,0,0,0,0,0,0,0,0,0,0,0
COG,0,0,0,0,0,0,0,0,0,0,0,0,0,0,0,0,0,0,0,0,0,0,0,0,0,0,0,0,0,0,0,0,0,0,0,0,0,0,0,0,0,0,0,0,0,0,0,0,0,0,0,0,1,0,0,0,0,0,0,0,0,0,0,0,0,0,0,0,0,0,0,0,0,0,0,0,0,0,0,0,0,0,0,0,0,0,0,0,0,0,0,0,0,0,0,0,0,0,0,0,0,0,0,0,0,0,0,0,0,0,0,0,0,0,0,0,0,0,0,0,0,0,0,0,0,0,0,0,0,0,0,0,0,0,0,0,0,0,0,0,0,0,0,0,0,0,0,0,0,0,0,0,0,0,0,0,0,0,1,0,0,0,0,0,0
COL,0,0,0,0,0,2,0,0,3,0,0,0,3,0,0,0,0,0,0,0,1,9,0,0,0,0,5,4,13,4,0,0,0,0,0,1,0,0,4,16,0,0,1,0,0,5,1,29,0,0,0,0,8,0,8,0,0,0,0,0,0,0,0,0,1,0,5,1,0,0,0,0,3,0,0,1,0,0,0,0,0,1,0,0,0,0,0,0,0,0,0,0,1,0,0,0,14,0,0,0,0,0,0,0,0,0,1,0,0,0,0,5,2,0,1,0,1,1,0,0,0,3,0,3,0,0,0,1,0,0,1,0,0,0,0,1,0,0,0,0,0,0,0,0,0,0,0,0,0,0,0,0,0,1,18,0,0,5,0,0,0,0,0,0,0
CRI,0,0,0,0,0,0,0,0,0,0,0,0,0,0,0,0,0,0,0,0,0,0,0,0,0,0,0,0,0,0,0,0,0,0,1,0,0,0,0,2,0,0,0,0,0,0,0,7,0,0,0,0,0,0,0,0,0,0,0,0,0,0,1,0,0,0,0,0,0,0,0,0,0,0,0,0,0,0,0,0,0,0,0,0,0,0,0,0,0,0,0,0,0,0,0,0,0,0,0,0,0,0,0,0,0,0,0,0,0,0,0,2,0,0,0,0,0,0,0,0,0,0,0,0,0,0,0,0,0,0,0,0,0,0,0,0,0,1,0,0,0,0,0,0,0,0,0,0,0,0,0,0,0,0,1,0,0,0,0,0,0,0,0,0,0
CUB,0,0,0,0,0,0,0,0,0,0,0,0,1,0,0,0,0,0,0,0,0,1,0,0,0,0,0,0,1,0,0,0,0,0,0,0,0,0,0,0,0,0,0,0,0,1,0,6,0,0,0,0,0,0,0,0,0,0,0,0,0,0,0,0,0,0,0,0,0,0,0,0,0,0,0,0,0,0,0,0,0,0,0,0,0,0,0,0,0,0,0,0,0,0,0,0,1,0,0,0,0,0,0,0,0,0,0,0,0,0,0,0,0,0,0,0,0,0,0,0,0,0,0,0,0,0,0,0,1,0,0,0,0,0,0,0,0,0,0,0,0,0,0,0,0,0,0,0,0,0,0,0,0,0,0,0,0,0,0,0,0,0,0,0,0
CYP,0,0,0,0,0,0,0,0,0,2,0,0,3,0,0,0,1,0,0,0,0,0,0,0,0,0,0,2,1,4,0,0,0,0,0,0,0,0,1,6,0,0,0,0,0,0,0,7,0,0,1,0,4,0,14,0,0,0,22,0,0,0,0,1,0,0,2,3,1,1,0,1,8,0,1,0,0,0,0,0,0,0,1,0,0,0,0,0,0,1,0,0,0,0,0,0,0,0,0,0,0,0,0,0,0,0,0,0,0,0,1,6,1,0,0,0,0,0,0,0,0,3,0,1,0,0,0,0,0,0,2,0,0,0,0,0,0,1,3,0,0,0,0,0,0,0,0,0,1,0,0,0,0,0,7,0,0,0,0,0,0,0,0,0,0
CZE,0,0,0,0,3,1,0,0,8,19,0,0,9,0,0,0,0,0,1,0,1,2,0,0,0,0,14,29,2,19,0,0,0,0,4,0,0,1,0,28,0,0,3,0,0,1,7,22,3,0,9,0,31,0,38,0,0,0,7,0,0,0,0,1,3,0,16,4,9,8,2,4,22,0,3,7,1,0,0,0,0,7,0,0,2,0,0,0,0,0,0,0,0,0,0,0,1,0,0,0,0,0,0,0,1,0,4,0,0,0,0,23,5,1,2,0,5,0,0,2,0,18,0,6,0,0,1,1,3,0,10,0,0,7,0,6,21,5,11,0,0,0,0,0,0,0,0,1,9,4,0,0,3,0,56,0,0,0,6,0,0,0,0,0,1
DEU,0,0,0,0,28,6,0,0,97,176,0,0,69,0,0,4,6,0,3,1,2,32,0,0,0,0,122,259,12,399,0,1,0,0,16,2,0,6,28,0,0,0,61,0,0,4,10,110,7,4,36,0,157,0,507,0,1,0,34,0,0,0,0,4,11,5,74,20,61,1,3,39,167,0,2,73,0,1,0,0,0,52,1,0,0,3,3,0,0,5,11,0,2,0,0,0,11,4,1,1,0,1,0,0,0,1,7,1,0,0,8,212,55,4,11,1,15,0,2,1,0,32,0,43,0,0,6,10,27,0,14,1,1,72,0,8,1,13,96,0,0,3,1,4,0,0,0,4,34,13,0,1,2,1,655,0,0,0,10,0,0,0,12,0,0
DJI,0,0,0,0,0,0,0,0,0,0,0,0,0,0,0,0,0,0,0,0,0,0,0,0,0,0,0,0,0,0,0,0,0,0,0,0,0,0,0,0,0,0,0,0,0,0,0,0,0,0,0,0,1,0,0,0,0,0,0,0,0,0,0,0,0,0,0,0,0,0,0,0,0,0,0,0,0,0,0,0,0,0,0,0,0,0,0,0,0,0,0,0,0,0,0,0,0,0,0,0,0,0,0,0,0,0,0,0,0,0,0,0,0,0,0,0,0,0,0,0,0,0,0,0,0,0,0,0,0,0,0,0,0,0,0,0,0,0,0,0,0,0,0,0,0,0,0,0,0,0,0,0,0,0,0,0,0,0,0,0,0,0,0,0,0
DMA,0,0,0,0,0,0,0,0,0,0,0,0,0,0,0,0,0,0,0,0,0,0,0,0,0,0,0,0,0,0,0,0,0,0,0,0,0,0,0,0,0,0,0,0,0,0,0,0,0,0,0,0,0,0,0,0,0,0,0,0,0,0,0,0,0,0,0,0,0,0,0,0,0,0,0,0,0,0,0,0,0,0,0,0,0,0,0,0,0,0,0,0,0,0,0,0,0,0,0,0,0,0,0,0,0,0,0,0,0,0,0,0,0,0,0,0,0,0,0,0,0,0,0,0,0,0,0,0,0,0,0,0,0,0,0,0,0,0,0,0,0,0,0,0,0,0,0,0,0,0,0,0,0,0,0,0,0,0,0,0,0,0,0,0,0
DNK,0,0,0,0,6,1,0,0,18,12,0,0,16,0,0,0,1,0,0,0,0,3,0,0,0,0,19,17,0,60,0,0,0,0,1,0,0,0,3,61,0,0,0,0,3,0,3,29,6,0,20,0,31,0,48,0,0,0,2,0,0,0,0,0,2,0,16,4,6,0,2,6,42,0,1,8,1,0,0,0,0,8,0,0,0,0,0,0,0,0,2,0,2,0,0,0,1,0,0,0,0,0,0,0,0,0,0,0,0,0,0,33,16,1,3,0,2,0,0,0,0,8,0,7,0,0,1,2,1,0,4,0,0,6,0,3,1,5,17,0,0,0,0,6,0,0,0,0,9,3,0,0,0,1,63,1,0,0,0,0,0,0,2,0,0
DOM,0,0,0,0,0,0,0,0,0,0,0,0,0,0,0,0,0,0,0,0,0,0,0,0,0,0,0,0,0,0,0,0,0,0,0,0,0,0,0,0,0,0,0,0,0,0,0,0,0,0,0,0,0,0,0,0,0,0,0,0,0,0,0,0,0,0,0,0,0,0,0,0,0,0,0,0,0,0,0,0,0,0,0,0,0,0,0,0,0,0,0,0,0,0,0,0,0,0,0,0,0,0,0,0,0,0,0,0,0,0,0,0,0,0,0,0,0,0,0,0,0,0,0,0,0,0,0,0,0,0,0,0,0,0,0,0,0,0,0,0,0,0,0,0,0,0,0,0,0,0,0,0,0,0,0,0,0,0,0,0,0,0,0,0,0
DZA,0,0,0,0,11,0,0,0,0,1,0,0,3,0,0,0,0,0,0,0,0,2,0,0,0,0,2,0,0,12,0,0,0,0,0,0,0,0,0,0,0,0,3,0,0,0,12,3,1,0,1,0,42,0,7,0,0,0,2,0,0,0,0,0,0,0,2,2,2,0,0,0,10,0,4,0,0,0,0,0,0,1,0,0,4,0,0,0,0,0,0,0,0,0,0,0,0,0,0,0,0,0,0,0,0,0,2,0,0,0,0,0,0,0,0,0,2,0,0,0,0,1,0,0,0,0,2,1,0,0,14,0,0,0,0,1,0,0,1,0,0,0,0,0,0,0,0,4,7,3,0,0,0,0,8,0,0,0,1,0,1,0,0,0,0
ECU,0,0,0,0,0,3,0,0,0,0,0,0,2,0,0,0,0,0,0,0,1,5,0,0,0,0,0,1,4,3,0,0,0,0,5,0,1,0,1,4,0,0,0,0,0,0,0,43,1,0,0,0,2,0,2,0,0,0,0,0,0,0,0,0,0,0,1,0,0,0,0,0,2,0,0,1,0,0,0,0,0,2,0,0,0,0,0,0,0,0,0,0,1,0,0,0,7,0,0,0,0,0,0,0,0,0,0,0,0,0,0,1,0,0,1,0,0,0,2,0,0,2,0,2,0,0,0,0,0,0,0,0,0,0,0,1,0,0,0,0,0,0,0,0,0,0,0,0,0,0,0,0,0,0,10,0,0,2,0,0,0,0,0,0,0
EGY,0,0,1,0,36,1,0,0,21,2,0,0,1,0,0,0,0,1,0,0,0,1,0,0,0,0,25,1,1,48,0,0,0,0,1,0,0,0,7,10,0,0,3,0,12,0,0,15,3,0,1,0,8,0,20,0,0,0,1,0,0,0,0,0,3,0,31,2,7,13,0,0,6,0,28,9,3,0,0,0,0,20,2,0,13,1,0,0,0,0,0,0,3,0,0,0,2,0,0,0,0,0,0,0,0,0,13,0,0,0,0,2,1,1,0,5,23,0,0,0,0,3,0,2,0,0,2,0,2,0,121,1,0,2,0,2,0,1,6,0,0,0,0,1,0,0,0,4,12,6,0,0,0,0,57,0,0,0,4,0,12,0,1,0,0
ESP,0,0,0,0,15,18,0,0,41,26,0,0,27,0,0,1,1,0,1,0,1,21,0,0,0,0,47,54,14,145,0,0,0,0,29,7,6,7,22,110,0,0,29,0,3,43,15,0,7,0,17,0,87,0,173,2,0,0,24,0,0,0,1,16,1,1,48,16,23,6,0,5,144,0,5,36,0,1,0,0,0,22,1,0,9,0,0,0,0,2,13,0,5,0,0,0,36,0,0,1,0,0,0,0,1,0,17,0,0,0,1,59,22,2,8,2,15,2,3,0,0,35,0,46,0,0,1,8,2,0,19,0,0,11,0,10,11,8,31,0,0,0,0,1,0,0,0,3,20,8,0,0,1,5,175,0,0,4,16,0,0,0,3,0,0
EST,0,0,0,0,0,0,0,0,2,1,0,0,3,0,0,0,0,0,0,0,0,1,0,0,0,0,4,1,0,3,0,0,0,0,0,0,0,0,3,7,0,0,6,0,1,1,3,7,0,0,3,0,6,0,8,0,0,0,0,0,0,0,0,0,0,0,9,1,2,0,0,2,8,0,0,1,0,0,0,0,0,1,0,0,2,0,0,0,0,0,0,0,0,0,0,0,2,0,0,0,0,0,0,0,0,0,0,0,0,0,0,1,3,0,0,0,1,0,0,0,0,1,0,1,0,0,0,0,0,0,0,0,0,1,0,0,0,0,2,0,0,0,0,0,0,0,0,2,6,0,0,0,0,0,7,0,0,0,0,0,0,0,1,0,0
ETH,0,0,0,0,0,0,0,0,0,0,0,0,0,0,0,1,0,0,0,0,0,0,0,0,0,1,3,1,0,8,0,0,0,0,0,0,0,0,0,4,0,0,0,0,0,0,0,0,0,0,0,0,2,0,3,0,0,0,0,0,0,0,0,0,1,0,18,0,2,0,0,0,0,0,0,1,0,0,0,0,0,0,0,0,1,0,0,0,0,0,0,0,0,0,0,0,1,0,0,0,0,0,0,0,0,0,1,0,0,0,5,2,0,0,0,0,1,0,0,1,0,1,0,1,0,0,1,0,0,0,8,0,0,0,0,0,1,0,1,0,0,0,0,1,0,0,0,0,1,1,0,0,0,0,5,0,0,0,0,0,0,0,1,0,0
FIN,0,0,0,0,9,0,0,0,17,7,1,0,9,0,0,1,1,0,1,0,0,9,0,0,0,0,21,14,0,81,0,0,0,0,0,0,0,1,9,36,0,0,20,0,1,0,1,17,3,0,0,0,20,0,69,0,1,0,6,0,0,0,0,1,1,1,20,4,9,0,0,8,18,0,0,17,0,0,0,0,0,9,0,0,4,0,0,0,0,0,2,0,0,0,0,0,2,1,0,0,0,0,0,0,0,0,5,0,0,0,2,15,12,1,2,1,7,0,0,0,0,6,0,7,0,0,3,0,2,0,5,0,0,13,0,3,0,4,39,0,0,0,0,2,0,0,0,0,5,4,1,0,1,0,55,0,0,0,3,0,1,0,4,0,0
FJI,0,0,0,0,0,0,0,0,3,0,0,0,0,0,0,1,0,0,0,0,0,0,0,0,0,0,1,0,0,0,0,0,0,0,0,0,0,0,0,0,0,0,0,0,0,0,0,0,0,0,0,0,1,0,2,0,0,0,0,0,0,0,0,0,1,0,0,0,0,0,0,0,1,0,0,0,0,0,0,0,0,0,0,0,0,0,0,0,0,0,0,0,0,0,0,0,0,0,0,0,0,0,0,0,0,0,0,0,0,0,0,0,0,0,0,0,0,0,0,0,0,0,0,0,0,0,0,0,0,0,1,0,0,0,0,0,0,0,0,0,0,0,0,1,0,0,0,0,0,0,0,0,0,0,1,0,0,0,0,0,0,0,0,0,0
FRA,0,0,0,0,30,5,1,0,41,31,0,0,47,0,1,4,1,1,0,1,0,38,0,1,0,0,95,90,9,194,0,6,0,1,8,0,0,4,31,157,1,0,31,0,42,2,8,87,6,2,20,1,0,0,193,0,0,0,27,0,0,0,0,2,3,2,53,17,10,4,0,16,146,0,1,59,0,3,0,0,0,23,4,0,15,0,0,0,0,0,14,0,29,0,0,0,18,0,0,1,0,0,0,0,0,0,5,0,2,0,0,72,21,3,9,0,4,0,1,0,0,25,0,23,0,2,2,5,12,0,21,0,3,31,0,9,6,11,25,0,0,0,1,0,0,0,0,58,7,5,0,1,1,3,290,1,0,1,26,0,0,0,7,0,0
GAB,0,0,0,0,2,0,0,0,0,0,0,0,0,0,0,0,0,0,0,0,0,0,0,0,0,0,2,0,0,2,0,0,0,0,0,0,0,0,0,0,0,0,0,0,0,0,0,0,0,0,0,0,0,0,0,0,0,0,0,0,0,0,0,0,0,0,0,0,0,0,0,0,0,0,0,0,0,0,0,0,0,0,0,0,0,0,0,0,0,0,0,0,0,0,0,0,0,0,0,0,0,0,0,0,0,0,0,0,0,0,0,0,0,0,0,0,2,0,0,0,0,0,0,0,0,0,0,0,0,0,2,0,0,0,0,0,0,0,0,0,0,0,0,0,0,0,0,2,0,0,0,0,0,0,0,0,0,0,0,0,0,0,2,0,0
GBR,0,0,0,0,83,8,0,0,227,78,1,0,63,0,0,16,6,2,4,1,1,55,0,1,0,1,219,191,10,1443,0,2,0,0,8,0,0,14,38,507,0,0,48,0,7,2,20,173,8,3,69,2,193,0,0,0,3,0,49,0,0,0,0,3,11,11,153,49,38,24,1,44,209,1,16,80,2,0,0,0,0,77,2,0,35,2,1,4,0,2,10,0,3,0,0,0,18,4,1,2,0,0,0,0,0,1,38,0,0,0,8,160,46,10,23,3,58,0,2,5,0,53,1,44,0,2,12,11,28,0,95,0,1,140,0,27,0,14,76,0,0,0,1,10,0,0,0,11,99,40,0,1,3,2,875,0,0,0,21,0,1,0,19,0,0
GEO,0,0,0,0,0,0,0,0,0,0,0,0,0,0,0,0,0,0,0,0,0,0,0,0,0,0,0,0,0,0,0,0,0,0,0,0,0,0,0,0,0,0,0,0,0,0,0,2,0,0,0,0,0,0,0,0,0,0,0,0,0,0,0,0,0,0,0,0,0,0,0,0,0,0,0,0,0,0,0,0,0,0,0,0,0,0,0,0,0,0,0,0,0,0,0,0,0,0,0,0,0,0,0,0,0,0,0,0,0,0,0,0,0,0,0,0,0,0,0,0,0,1,0,0,0,0,0,0,0,0,1,0,0,0,0,0,0,0,1,0,0,0,0,0,0,0,0,0,0,0,0,0,0,0,1,0,0,0,0,0,0,0,0,0,0
GHA,0,0,0,0,0,0,0,0,0,0,0,0,0,0,0,0,0,0,0,0,0,0,0,0,0,0,1,0,1,8,0,0,0,0,0,0,0,0,0,1,0,0,0,0,0,0,0,0,0,0,1,0,0,0,3,0,0,0,0,0,0,0,0,0,0,0,3,0,0,0,0,0,0,0,0,0,0,0,0,0,0,0,0,0,0,0,0,0,0,0,0,0,0,0,0,0,0,0,0,0,0,0,0,0,0,0,0,0,0,0,1,1,1,0,1,1,0,0,0,0,0,0,0,0,0,0,0,0,0,0,1,0,0,0,0,0,0,0,0,0,0,0,0,0,0,0,0,0,1,0,0,0,0,0,5,0,0,0,0,0,0,0,1,0,0
GMB,0,0,0,0,0,0,0,0,0,0,0,0,0,0,0,0,0,0,0,0,0,0,0,0,0,0,0,0,0,1,0,0,0,0,0,0,0,0,0,0,0,0,0,0,0,0,0,0,0,0,0,0,0,0,0,0,0,0,0,0,0,0,0,0,0,0,0,0,0,0,0,0,0,0,0,0,0,0,0,0,0,0,0,0,0,0,0,0,0,0,0,0,0,0,0,0,0,0,0,0,0,0,0,0,0,0,0,0,0,0,0,0,0,0,0,0,0,0,0,0,0,0,0,0,0,0,0,0,0,0,0,0,0,0,0,0,0,0,0,0,0,0,0,0,0,0,0,0,0,0,0,0,0,0,0,0,0,0,0,0,0,0,0,0,0
GRC,0,0,0,0,13,0,0,0,6,15,0,0,12,0,0,1,1,0,0,0,0,3,0,0,0,0,6,12,1,23,0,0,0,0,0,0,0,22,7,34,0,0,2,0,2,0,1,24,0,0,6,0,27,0,49,0,0,0,0,0,0,0,0,1,0,0,5,4,0,0,2,2,29,0,0,1,0,0,0,0,0,3,2,0,0,0,0,0,0,1,6,0,0,0,0,0,1,0,0,0,0,0,0,0,0,0,0,0,0,0,1,18,4,0,0,0,0,0,0,0,0,8,0,5,0,0,0,4,2,0,3,0,0,4,0,7,0,4,11,0,0,0,0,1,0,0,0,0,1,0,0,0,0,0,39,0,0,0,2,0,0,0,0,0,0
GTM,0,0,0,0,0,0,0,0,0,0,0,0,0,0,0,0,0,0,0,0,0,0,0,0,0,0,0,0,0,0,0,0,0,0,0,0,0,0,0,0,0,0,0,0,0,0,0,0,0,0,0,0,0,0,0,0,0,0,0,0,0,0,0,0,0,0,0,0,0,0,0,0,0,0,0,0,0,0,0,0,0,0,0,0,0,0,0,0,0,0,0,0,0,0,0,0,0,0,0,0,0,0,0,0,0,0,0,0,0,0,0,0,0,0,0,0,0,0,0,0,0,0,0,0,0,0,0,0,0,0,0,0,0,0,0,0,0,0,0,0,0,0,0,0,0,0,0,0,0,0,0,0,0,0,1,0,0,0,0,0,0,0,0,0,0
GUF,0,0,0,0,0,0,0,0,0,0,0,0,0,0,0,0,0,0,0,0,0,0,0,0,0,0,0,0,0,0,0,0,0,0,0,0,0,0,0,0,0,0,0,0,0,0,0,0,0,0,0,0,0,0,0,0,0,0,0,0,0,0,0,0,0,0,0,0,0,0,0,0,0,0,0,0,0,0,0,0,0,0,0,0,0,0,0,0,0,0,0,0,0,0,0,0,0,0,0,0,0,0,0,0,0,0,0,0,0,0,0,0,0,0,0,0,0,0,0,0,0,0,0,0,0,0,0,0,0,0,0,0,0,0,0,0,0,0,0,0,0,0,0,0,0,0,0,0,0,0,0,0,0,0,0,0,0,0,0,0,0,0,0,0,0
GUY,0,0,0,0,0,0,0,0,0,0,0,0,0,0,0,0,0,0,0,0,0,0,0,0,0,0,0,0,0,0,0,0,0,0,0,0,0,0,0,0,0,0,0,0,0,0,0,0,0,0,0,0,0,0,0,0,0,0,0,0,0,0,0,0,0,0,0,0,0,0,0,0,0,0,0,1,0,0,0,0,0,0,0,0,0,0,0,0,0,0,0,0,0,0,0,0,0,0,0,0,0,0,0,0,0,0,0,0,0,0,0,0,0,0,0,0,0,0,0,0,0,0,0,0,0,0,0,0,0,0,0,0,0,0,0,0,0,0,0,0,0,0,0,0,0,0,0,0,0,0,0,0,0,0,0,0,0,0,0,0,0,0,0,0,0
HND,0,0,0,0,0,0,0,0,0,0,0,0,0,0,0,0,0,0,0,0,0,0,0,0,0,0,0,0,0,1,0,0,0,0,0,1,0,0,0,0,0,0,0,0,0,0,0,1,0,0,0,0,0,0,0,0,0,0,0,0,0,0,0,0,0,0,0,0,0,0,0,0,0,0,0,0,0,0,0,0,0,0,0,0,1,0,0,0,0,0,0,0,0,0,0,0,0,0,0,0,0,0,0,0,0,0,0,0,0,0,0,0,0,0,0,0,0,0,0,0,0,0,0,0,0,0,0,0,0,0,0,0,0,0,3,0,0,0,0,0,0,0,0,0,0,0,0,0,0,0,0,0,0,0,0,0,0,0,0,0,0,0,0,0,0
HRV,0,0,0,0,1,0,0,0,0,1,0,0,1,0,0,0,0,0,5,0,0,0,0,0,0,0,0,1,0,0,0,0,0,0,0,0,0,1,1,4,0,0,0,0,0,0,0,16,0,0,1,0,2,0,3,0,0,0,1,0,0,0,0,0,0,1,8,0,1,1,0,1,2,0,0,0,0,0,0,0,0,0,0,0,0,0,0,0,0,0,1,0,0,0,0,0,2,0,0,0,0,0,0,0,0,0,0,0,0,0,0,2,0,0,0,0,0,0,0,0,0,2,0,1,0,0,0,0,0,0,1,0,0,2,0,0,0,4,0,0,0,0,0,0,0,0,0,0,0,0,0,0,1,0,6,0,0,0,0,0,0,0,0,0,0
HUN,0,0,0,0,3,0,2,0,27,2,0,0,2,0,0,2,0,0,0,0,0,3,0,0,0,0,5,3,0,17,0,0,0,0,1,0,0,0,3,11,0,0,2,0,0,0,3,1,0,1,1,1,3,0,11,0,0,0,0,0,0,0,0,0,0,0,9,4,11,3,0,1,2,0,3,0,1,0,0,0,0,5,0,0,1,0,0,0,0,1,0,0,0,0,0,0,0,0,0,0,0,0,0,0,0,0,4,0,0,0,0,3,1,0,0,2,2,0,0,0,0,1,0,1,0,0,0,5,1,0,1,0,0,1,0,3,7,0,1,0,0,0,0,2,0,0,0,0,4,2,0,0,0,0,17,0,0,0,2,0,1,0,0,0,0
IDN,0,0,0,0,3,0,0,0,14,1,0,0,0,0,0,2,0,0,0,0,0,3,0,2,0,0,3,3,0,19,0,0,0,0,0,0,0,0,0,5,0,0,0,0,0,0,0,1,0,0,1,0,2,0,11,0,0,0,0,0,0,0,0,1,0,0,4,0,0,2,0,0,0,0,0,15,0,0,1,0,0,8,0,0,0,0,0,0,0,0,0,0,1,0,0,0,0,0,0,0,0,0,0,0,0,0,13,0,0,0,0,5,0,0,1,0,2,0,0,0,0,0,0,1,0,0,0,0,3,2,3,0,0,4,0,0,0,0,0,0,0,0,0,4,0,1,0,0,2,13,0,0,0,0,11,0,0,0,0,0,0,0,0,0,0
IND,0,0,1,0,49,0,0,0,92,8,0,0,6,0,0,10,1,3,6,0,0,11,0,3,0,2,80,23,4,171,0,0,1,0,5,0,0,2,16,74,0,0,16,0,2,1,31,48,9,18,20,0,53,0,153,0,3,0,5,0,0,0,0,8,9,4,0,23,27,51,0,11,43,1,53,47,1,1,1,0,0,87,5,0,56,0,0,5,0,6,2,0,5,0,0,2,11,0,0,1,0,1,0,0,0,0,61,0,0,0,7,12,33,5,4,7,40,0,0,2,0,23,1,19,0,0,10,6,13,0,183,2,0,46,0,22,2,8,17,0,0,0,0,14,0,1,0,5,51,59,0,1,3,0,460,2,0,0,19,1,4,0,6,0,0
IRL,0,0,0,0,8,0,0,0,9,4,0,0,6,0,0,1,0,0,1,0,0,11,0,0,0,0,15,9,3,41,0,0,0,0,1,0,0,3,4,20,0,0,4,0,2,0,2,16,1,0,4,0,17,0,49,0,0,0,4,0,0,0,0,0,4,0,23,0,6,2,1,0,12,0,3,6,0,0,0,0,0,9,0,0,6,0,0,0,0,0,3,0,0,0,0,0,4,0,0,0,0,0,0,0,0,0,3,0,0,0,0,16,5,0,2,0,12,0,0,0,0,4,0,3,0,0,0,2,0,0,5,0,0,2,0,3,0,2,9,0,0,0,0,3,0,0,0,1,9,3,0,0,1,0,52,0,0,0,15,0,1,0,3,0,0
IRN,0,0,1,0,3,0,2,0,56,5,0,0,4,0,0,1,0,0,0,0,0,7,0,1,0,0,61,11,4,63,0,0,0,0,0,0,0,1,9,61,0,0,6,0,2,0,7,23,2,2,9,0,10,0,38,0,0,0,0,0,0,0,0,1,11,0,27,6,0,12,0,0,14,0,7,3,1,0,0,0,0,13,3,0,5,1,0,0,0,1,0,0,2,0,0,0,9,0,0,0,0,0,0,0,1,0,10,0,0,0,1,14,7,0,0,4,6,0,1,1,0,5,0,6,0,1,4,0,6,0,17,1,0,5,0,4,1,1,11,0,0,4,0,3,0,0,0,0,35,16,0,0,0,0,77,0,0,0,5,0,0,0,4,0,1
IRQ,0,0,0,0,7,1,0,0,26,1,0,0,1,0,0,0,0,0,0,0,0,1,0,1,0,0,6,0,0,31,0,0,0,0,0,0,0,1,8,1,0,0,0,0,0,0,13,6,0,0,0,0,4,0,24,0,0,0,0,0,0,0,0,1,3,2,51,2,12,0,0,0,3,0,40,0,0,0,0,0,0,3,2,0,9,0,0,0,0,0,0,0,1,0,0,0,1,0,0,0,0,0,0,0,0,0,38,0,0,0,1,0,2,0,0,0,15,0,0,0,0,1,0,3,0,1,3,0,2,0,31,1,0,0,0,6,0,0,1,0,0,0,0,0,0,0,0,9,23,11,0,0,0,0,21,0,0,0,1,0,5,0,0,0,0
ISL,0,0,0,0,0,0,0,0,0,2,0,0,0,0,0,0,0,0,0,0,0,0,0,0,0,0,0,4,0,2,0,0,0,0,0,0,0,0,2,3,0,0,2,0,0,0,0,0,0,0,0,0,0,0,1,0,0,0,2,0,0,0,0,0,0,0,0,1,0,0,0,0,2,0,0,0,0,0,0,0,0,0,0,0,0,0,0,0,0,0,0,0,0,0,0,0,0,0,0,0,0,0,0,0,0,0,0,0,0,0,0,1,1,0,0,0,0,0,0,0,0,3,0,0,0,0,0,1,0,0,0,0,0,0,0,0,0,0,0,0,0,0,0,0,0,0,0,0,0,0,0,0,0,0,8,0,0,0,1,0,0,0,0,0,0
ISR,0,0,0,0,3,0,0,0,7,14,0,0,4,0,0,0,0,0,0,0,0,0,0,0,0,0,17,20,2,18,0,0,0,0,0,0,0,1,4,39,0,0,6,0,0,0,0,5,2,0,8,0,16,0,44,0,0,0,2,0,0,0,0,1,1,0,11,0,0,0,0,0,14,0,0,9,0,0,0,0,0,5,0,0,0,0,0,0,0,0,1,0,0,0,0,0,0,0,0,0,0,0,0,0,0,0,0,0,0,0,0,13,3,0,0,0,0,0,0,0,0,6,0,4,0,1,0,3,4,0,0,0,0,3,0,3,1,2,7,0,0,0,0,0,0,0,0,0,2,1,0,0,0,0,206,0,0,0,1,0,0,0,2,0,0
ITA,0,0,2,0,21,6,1,0,26,67,0,0,45,0,1,2,2,0,2,0,1,32,0,0,0,0,42,118,7,165,0,0,0,0,3,0,0,8,22,167,0,0,42,0,10,2,6,144,8,0,18,1,146,0,209,0,0,0,29,0,0,0,0,2,2,0,43,12,14,3,2,14,0,0,0,22,1,0,0,0,0,17,0,0,8,0,1,0,0,2,11,0,2,0,0,0,6,1,0,1,0,1,0,0,0,0,8,0,0,0,3,101,24,4,6,0,12,0,0,0,0,35,0,44,0,0,6,5,7,0,16,0,0,7,0,8,3,14,41,0,0,0,0,1,0,0,0,3,16,12,0,0,2,0,232,0,0,0,4,0,0,0,5,0,0
JAM,0,0,0,0,0,0,0,1,0,0,0,0,0,0,0,0,0,0,0,0,0,0,0,0,0,0,1,0,0,0,0,0,0,0,0,0,0,0,0,0,0,0,0,0,0,0,0,0,0,0,0,0,0,0,1,0,0,0,0,0,0,0,0,0,0,0,1,0,0,0,0,0,0,0,0,0,0,0,0,0,0,0,0,0,0,0,0,0,0,0,0,0,0,0,0,0,0,0,0,0,0,0,0,0,0,0,0,0,0,0,0,0,0,0,0,0,0,0,0,0,0,0,0,0,0,0,0,0,0,0,0,0,0,0,0,0,0,0,0,0,0,0,0,0,0,0,0,0,0,0,0,0,0,0,0,0,0,0,0,0,0,0,0,0,0
JOR,0,0,0,0,145,0,0,0,19,2,0,0,3,0,0,0,0,1,0,0,0,0,0,0,0,0,10,0,0,33,0,0,0,0,0,0,0,1,3,2,0,0,1,0,4,0,28,5,0,0,0,0,1,0,16,0,0,0,0,0,0,0,0,0,3,0,53,3,7,40,0,0,0,0,0,1,0,0,0,0,0,13,18,0,23,0,0,0,0,0,0,0,2,0,0,0,3,0,0,0,0,0,0,0,0,0,52,0,0,0,0,1,1,1,1,1,27,0,0,0,0,4,0,2,0,12,17,0,0,0,54,0,0,2,0,5,0,1,6,0,0,0,0,1,0,1,0,0,18,12,0,0,2,0,23,0,0,0,9,0,7,0,0,0,0
JPN,0,0,2,0,9,1,0,0,62,9,0,0,7,0,0,5,1,0,0,0,0,10,0,1,0,0,48,24,2,438,0,2,0,0,1,0,0,0,7,73,0,0,8,0,0,1,9,36,1,1,17,0,59,0,80,0,0,0,1,0,0,1,0,0,0,15,47,6,3,0,0,9,22,0,1,0,0,0,0,0,0,24,1,1,2,0,0,0,0,0,3,0,0,0,0,0,4,2,1,0,2,0,3,0,0,1,26,0,0,0,2,22,4,2,12,0,3,0,1,3,0,11,0,5,0,0,1,0,2,1,9,0,1,48,0,3,0,4,15,0,0,0,1,22,0,0,0,1,26,38,0,1,0,1,204,0,0,0,37,0,0,0,1,0,0
KAZ,0,0,0,0,1,0,0,0,1,0,0,0,0,0,0,0,0,0,0,0,0,0,0,0,0,0,1,1,0,0,0,0,0,0,0,0,0,0,1,0,0,0,1,0,0,0,3,0,0,0,0,0,0,0,2,0,0,0,0,0,0,0,0,0,1,0,1,0,1,0,0,0,1,0,0,0,0,0,0,0,0,1,0,0,0,1,0,0,0,0,0,0,0,0,0,0,0,0,0,0,0,0,0,0,0,0,1,0,0,0,0,1,0,0,0,0,1,0,0,0,0,1,0,0,0,0,0,0,1,0,3,0,0,0,0,0,0,0,0,0,0,0,0,0,0,0,0,0,4,0,0,0,1,0,2,0,0,0,0,0,0,0,0,0,0
KEN,0,0,0,0,0,1,0,0,0,1,0,0,1,0,0,0,0,0,1,0,0,0,0,0,0,1,0,1,0,6,0,0,0,0,0,0,0,0,0,1,0,0,0,0,0,0,0,1,0,0,0,0,3,0,0,0,0,0,0,0,0,0,0,0,0,0,1,0,0,0,0,0,0,0,0,0,0,0,0,0,0,0,0,0,0,1,0,0,0,1,0,0,0,0,0,0,0,0,0,0,0,0,0,0,0,0,0,0,0,0,0,0,0,0,0,0,0,0,0,0,0,0,0,0,0,0,0,0,0,0,0,0,0,0,0,0,1,0,1,0,0,0,0,0,0,0,0,0,3,0,0,0,0,0,4,0,0,0,0,0,0,0,0,0,0
KGZ,0,0,0,0,0,0,0,0,0,0,0,0,0,0,0,0,0,0,0,0,0,0,0,0,0,0,0,0,0,0,0,0,0,0,0,0,0,0,0,0,0,0,0,0,0,0,0,0,0,0,0,0,0,0,0,0,0,0,0,0,0,0,0,0,0,1,1,0,0,0,0,0,0,0,0,0,0,0,0,0,0,0,0,0,0,0,0,0,0,0,0,0,1,0,0,0,0,0,0,0,0,0,0,0,0,0,1,0,0,0,0,0,0,0,0,0,0,0,0,0,0,0,0,0,0,0,0,0,1,0,0,0,0,0,0,0,0,0,0,0,0,0,0,0,0,0,0,0,0,0,0,0,0,0,0,0,0,0,0,0,0,0,0,0,0
KHM,0,0,0,0,0,0,0,0,0,0,0,0,1,0,0,0,0,0,0,0,0,0,0,0,0,0,0,0,0,0,0,0,0,0,0,0,0,0,0,0,0,0,0,0,0,0,0,0,0,0,0,0,0,0,0,0,0,0,0,0,0,0,0,0,0,0,0,0,0,0,0,0,0,0,0,0,0,0,0,0,0,0,0,0,0,0,0,0,0,0,0,0,0,0,0,0,0,0,0,0,0,0,0,0,0,0,0,0,0,0,0,0,0,0,0,0,0,0,0,0,0,0,0,0,0,0,0,0,0,0,0,0,0,0,0,0,0,0,0,0,0,0,0,1,0,0,0,0,0,0,0,0,0,0,0,0,0,0,0,0,0,0,0,0,0
KNA,0,0,0,0,0,0,0,0,0,0,0,0,0,0,0,0,0,0,0,0,0,0,0,0,0,0,0,0,0,0,0,0,0,0,0,0,0,0,0,0,0,0,0,0,0,0,0,0,0,0,0,0,0,0,0,0,0,0,0,0,0,0,0,0,0,0,0,0,0,0,0,0,0,0,0,0,0,0,0,0,0,0,0,0,0,0,0,0,0,0,0,0,0,0,0,0,0,0,0,0,0,0,0,0,0,0,0,0,0,0,0,0,0,0,0,0,0,0,0,0,0,0,0,0,0,0,0,0,0,0,0,0,0,0,0,0,0,0,0,0,0,0,0,0,0,0,0,0,0,0,0,0,0,0,0,0,0,0,0,0,0,0,0,0,0
KOR,0,0,1,0,35,2,0,0,69,12,0,0,5,0,0,10,0,1,1,0,1,5,0,0,0,0,39,17,2,292,0,0,0,0,1,0,0,0,7,52,0,0,8,0,1,2,20,22,1,0,9,0,23,0,77,0,0,0,3,0,0,0,0,0,5,8,87,9,13,3,0,5,17,0,13,24,1,0,0,0,0,0,1,1,10,0,0,0,0,0,2,0,2,0,0,0,5,0,0,0,0,0,0,0,0,0,8,0,0,0,2,7,9,1,2,0,55,0,0,1,0,19,1,8,0,0,2,0,12,1,42,0,0,21,0,10,2,4,11,0,0,0,0,4,0,0,0,2,12,26,0,0,0,1,422,1,0,0,44,0,2,0,3,0,0
KWT,0,0,0,0,14,0,0,0,5,0,0,0,0,0,0,0,0,0,0,0,0,0,0,0,0,0,2,0,0,9,0,0,0,0,0,0,0,1,0,1,0,0,0,0,0,0,2,1,0,0,0,0,4,0,2,0,0,0,2,0,0,0,0,0,0,0,5,0,3,2,0,0,0,0,18,1,0,0,0,0,0,1,0,0,3,0,0,0,0,0,0,0,0,0,0,0,0,0,0,0,0,0,0,0,0,0,2,0,0,0,0,1,0,0,0,0,1,0,0,0,0,0,0,0,0,3,2,0,0,0,9,0,0,1,0,2,0,2,0,0,0,0,0,1,0,0,0,0,6,3,0,0,0,0,10,0,0,0,0,0,0,0,6,0,0
LAO,0,0,0,0,0,0,0,0,0,0,0,0,0,0,0,0,0,0,0,0,0,0,0,0,0,0,0,0,0,0,0,0,0,0,0,0,0,0,0,0,0,0,0,0,0,0,0,0,0,0,0,0,0,0,0,0,0,0,0,0,0,0,0,0,0,0,0,0,0,0,0,0,0,0,0,1,0,0,0,0,0,1,0,0,0,0,0,0,0,0,0,0,0,0,0,0,0,0,0,0,1,0,0,0,0,0,0,0,0,0,0,0,0,0,0,0,0,0,0,1,0,0,0,0,0,0,0,0,0,0,0,0,0,0,0,0,0,0,0,0,0,0,0,1,0,0,0,0,0,0,0,0,0,0,0,0,0,0,0,0,0,0,0,0,0
LBN,1,0,0,0,30,0,0,0,10,1,1,0,2,0,0,0,0,0,0,0,0,0,0,0,0,0,14,1,0,43,0,0,0,0,0,0,0,0,2,0,0,0,0,0,4,0,13,9,2,1,4,0,15,0,35,0,0,0,0,0,0,0,1,0,1,0,56,6,5,9,0,0,8,0,23,2,0,0,0,0,0,10,3,0,0,1,0,0,0,1,1,0,0,0,0,0,4,0,0,0,0,0,0,0,0,0,18,0,0,0,0,1,12,0,0,0,25,0,0,0,0,8,0,2,0,1,3,3,1,0,34,0,0,0,0,21,0,0,2,0,0,0,0,3,0,0,0,1,51,50,0,0,0,0,25,0,0,0,3,0,3,0,1,0,0
LBY,0,0,0,0,1,0,0,0,0,0,0,0,0,0,0,0,0,0,0,0,0,0,0,0,0,0,0,0,0,2,0,0,0,0,0,0,0,0,0,3,0,0,0,0,0,0,1,0,0,0,0,0,0,0,2,0,0,0,0,0,0,0,0,0,0,0,0,0,1,0,0,0,0,0,0,0,1,1,0,0,0,0,0,0,1,0,0,0,0,0,0,0,0,0,0,0,0,0,0,0,0,0,0,0,0,0,2,0,0,0,0,0,0,0,0,0,1,0,0,0,0,1,0,0,0,0,0,0,0,0,2,0,0,0,0,1,0,0,0,0,0,0,0,0,0,0,0,0,3,1,0,0,0,0,1,0,0,0,0,0,0,0,0,0,0
LIE,0,0,0,0,0,0,0,0,0,2,0,0,0,0,0,0,0,0,0,0,0,0,0,0,0,0,0,3,0,0,0,0,0,0,0,0,0,0,0,3,0,0,0,0,0,0,0,0,0,0,0,0,0,0,1,0,0,0,0,0,0,0,0,0,0,0,0,0,0,0,0,0,1,0,0,0,0,0,0,0,0,0,0,0,0,0,0,0,0,0,0,0,0,0,0,0,0,0,0,0,0,0,0,0,0,0,0,0,0,0,0,1,0,0,0,0,0,0,0,0,0,0,0,0,0,0,0,0,0,0,0,0,0,0,0,0,0,0,0,0,0,0,0,0,0,0,0,0,0,0,0,0,0,0,1,0,0,0,0,0,0,0,0,0,0
LKA,0,0,0,0,0,0,0,0,4,0,0,0,0,0,0,1,0,0,0,0,0,0,0,0,0,0,0,1,0,0,0,0,0,0,0,0,0,0,0,0,0,0,0,0,0,0,0,0,0,0,0,0,0,0,4,0,0,0,0,0,0,0,0,0,0,0,5,0,0,0,0,0,0,0,0,0,0,0,0,0,0,0,0,0,0,0,0,0,0,0,0,0,0,0,0,0,0,0,0,0,0,0,0,0,0,0,0,0,0,0,0,0,1,0,1,1,0,0,0,0,0,0,0,0,0,0,0,0,0,0,1,0,0,2,0,0,0,0,1,0,0,0,0,1,0,0,0,0,0,0,0,0,0,0,7,0,0,0,0,0,0,0,0,0,0
LSO,0,0,0,0,0,0,0,0,0,0,0,0,0,0,0,0,0,0,0,0,0,0,0,0,0,0,0,0,0,0,0,0,0,0,0,0,0,0,0,0,0,0,0,0,0,0,0,0,0,0,0,0,0,0,0,0,0,0,0,0,0,0,0,0,0,0,0,0,0,0,0,0,0,0,0,0,0,0,0,0,0,0,0,0,0,0,0,0,0,0,0,0,0,0,0,0,0,0,0,0,0,0,0,0,0,0,0,0,0,0,0,0,0,0,0,0,0,0,0,0,0,0,0,0,0,0,0,0,0,0,0,0,0,0,0,0,0,0,0,0,0,0,0,0,0,0,0,0,0,0,0,0,0,0,0,0,0,0,0,0,0,0,0,0,0
LTU,0,0,0,0,0,0,0,0,1,1,0,0,0,0,0,0,0,0,1,0,0,0,0,0,0,0,1,2,0,4,0,0,0,0,0,0,0,1,0,5,0,0,0,0,0,0,0,2,0,0,0,0,0,0,2,0,0,0,1,0,0,0,0,0,1,0,6,0,1,0,0,0,2,0,0,0,0,1,0,0,0,0,0,0,1,0,0,0,0,0,0,0,1,0,0,0,0,0,0,0,0,0,0,0,0,0,0,0,0,0,2,0,2,0,0,0,1,0,0,0,0,3,0,0,0,0,0,0,0,0,1,0,0,0,0,1,1,0,1,0,0,0,0,0,0,0,0,0,3,1,0,0,0,0,1,0,0,0,0,0,0,0,0,0,0
LUX,0,0,0,0,1,3,0,0,2,2,0,0,2,0,1,0,0,0,0,0,0,1,0,0,0,0,1,2,0,12,0,2,0,0,0,0,0,0,0,11,0,0,2,0,0,0,0,13,0,0,2,0,14,0,10,0,0,0,6,0,0,0,0,1,0,0,2,3,0,0,0,1,11,0,0,3,0,0,0,0,0,2,0,0,1,0,0,0,0,0,0,0,2,0,0,0,0,0,0,0,0,0,0,0,0,0,1,0,0,0,0,7,1,0,0,0,4,0,0,0,0,8,0,2,0,0,0,1,0,0,2,0,0,1,0,1,0,2,4,0,0,0,0,1,0,0,0,3,1,1,0,0,0,0,10,0,0,0,2,0,0,0,0,0,0
LVA,0,0,0,0,0,0,0,0,0,0,0,0,0,0,0,0,0,0,0,0,0,0,0,0,0,0,0,0,0,0,0,0,0,0,0,0,0,0,0,0,0,0,0,0,0,0,0,0,0,0,0,0,0,0,0,0,0,0,0,0,0,0,0,0,0,0,0,0,0,0,0,0,0,0,0,0,0,0,0,0,0,0,0,0,0,0,0,0,0,0,0,0,0,0,0,0,0,0,0,0,0,0,0,0,0,0,0,0,0,0,0,1,0,0,0,0,0,0,0,0,0,0,0,0,0,0,0,0,0,0,0,0,0,0,0,0,0,0,0,0,0,0,0,0,0,0,0,0,0,0,0,0,0,0,0,0,0,0,0,0,0,0,0,0,0
MAR,0,0,0,0,3,1,0,0,2,0,0,0,2,0,0,0,0,0,0,0,0,0,0,0,0,0,6,0,0,1,0,0,0,0,1,0,0,0,0,2,0,0,2,0,0,1,3,5,0,0,0,0,29,0,3,0,0,0,0,0,0,0,0,0,0,1,5,0,2,1,0,0,2,0,2,0,0,0,1,0,0,2,0,0,0,0,0,0,0,1,2,0,0,0,0,0,0,0,0,0,0,0,0,0,0,0,2,0,0,0,0,1,1,0,0,0,0,0,0,0,0,1,0,0,0,0,0,0,1,0,2,0,0,0,0,0,0,0,0,0,0,0,0,0,0,0,0,0,1,0,0,0,0,0,3,0,0,0,1,0,1,0,0,0,0
MDA,0,0,0,0,0,0,0,0,0,0,0,0,0,0,0,0,0,0,0,0,0,0,0,0,0,0,0,0,0,0,0,0,0,0,0,0,0,0,0,0,0,0,0,0,0,0,0,0,0,0,0,0,0,0,0,0,0,0,0,0,0,0,0,0,0,0,0,0,0,0,0,0,0,0,0,0,0,0,0,0,0,0,0,0,0,0,0,0,0,0,0,0,0,0,0,0,0,0,0,0,0,0,0,0,0,0,0,0,0,0,0,0,0,0,0,0,0,0,0,0,0,0,0,0,0,0,0,0,0,0,0,0,0,0,0,0,0,0,0,0,0,0,0,0,0,0,0,0,0,0,0,0,0,0,0,0,0,0,0,0,0,0,0,0,0
MDG,0,0,0,0,0,0,0,0,0,0,0,0,0,0,0,0,0,0,0,0,0,0,0,0,0,0,0,0,0,0,0,0,0,0,0,0,0,0,0,0,0,0,0,0,0,0,0,0,0,0,0,0,0,0,0,0,0,0,0,0,0,0,0,0,0,0,0,0,0,0,0,0,0,0,0,0,0,0,0,0,0,0,0,0,0,0,0,0,0,0,0,0,0,0,0,0,0,0,0,0,0,0,0,0,0,0,0,0,0,0,0,0,0,0,0,0,0,0,0,0,0,0,0,0,0,0,0,0,0,0,0,0,0,0,0,0,0,0,0,0,0,0,0,0,0,0,0,0,0,0,0,0,0,0,0,0,0,0,0,0,0,0,0,0,0
MDV,0,0,0,0,0,0,0,0,0,0,0,0,0,0,0,0,0,0,0,0,0,0,0,0,0,0,0,0,0,0,0,0,0,0,0,0,0,0,0,0,0,0,0,0,0,0,0,0,0,0,0,0,0,0,0,0,0,0,0,0,0,0,0,0,0,0,2,0,0,0,0,0,0,0,0,0,0,0,0,0,0,0,0,0,0,0,0,0,0,0,0,0,0,0,0,0,0,0,0,0,0,0,0,0,0,0,0,0,0,0,0,0,0,0,0,0,0,0,0,0,0,0,0,0,0,0,0,0,0,0,0,0,0,0,0,0,0,0,0,0,0,0,0,0,0,0,0,0,0,0,0,0,0,0,0,0,0,0,0,0,0,0,0,0,0
MEX,0,0,0,0,2,4,0,0,4,2,0,0,2,0,0,1,0,0,0,0,0,8,0,0,0,0,8,4,5,18,0,1,0,0,14,0,1,0,1,11,0,0,1,0,0,7,2,36,2,1,2,0,18,0,18,0,0,0,1,0,0,0,0,2,0,0,11,4,9,1,0,0,6,0,3,4,0,0,0,0,0,5,0,0,4,0,0,0,0,0,0,0,0,0,0,0,0,0,0,0,0,0,0,0,0,0,2,0,0,0,2,4,1,0,1,0,1,0,2,0,0,0,0,2,0,0,1,0,3,0,3,0,0,1,0,3,0,0,3,0,0,0,0,1,0,0,0,3,4,2,0,0,0,4,33,0,0,0,1,0,1,0,2,0,0
MKD,0,0,0,0,0,0,0,0,0,0,0,0,0,0,0,0,0,0,0,0,0,0,0,0,0,0,2,1,0,1,0,0,0,0,0,0,0,0,0,4,0,0,0,0,0,0,0,0,0,0,1,0,0,0,4,0,0,0,0,0,0,0,0,0,0,0,0,0,0,0,0,0,1,0,0,2,0,0,0,0,0,0,0,0,0,0,0,0,0,0,0,0,0,0,0,0,0,0,0,0,0,0,0,0,0,0,0,0,0,0,0,0,0,0,0,0,0,0,0,0,0,0,0,1,0,0,0,0,0,0,0,0,0,0,0,0,0,2,0,0,0,0,0,0,0,0,0,0,0,0,0,0,0,0,2,0,0,0,0,1,0,0,0,0,0
MLI,0,0,0,0,0,0,0,0,0,0,0,0,0,0,0,0,0,0,0,0,0,0,0,0,0,0,1,0,0,0,0,1,0,0,0,0,0,0,0,1,0,0,0,0,0,0,0,0,0,0,0,0,0,0,1,0,0,0,0,0,0,0,0,0,0,0,0,0,0,0,0,0,0,0,0,1,0,0,0,0,0,0,0,0,0,0,0,0,0,0,0,0,0,0,0,0,0,0,0,0,0,0,0,0,0,1,0,0,0,0,1,0,0,0,0,0,0,0,0,0,0,0,0,1,0,0,0,0,0,0,0,0,1,0,0,0,0,0,1,0,0,0,1,0,0,0,0,0,0,0,0,1,0,0,1,0,0,0,0,0,0,0,1,0,0
MLT,0,0,0,0,0,0,0,0,1,0,0,0,0,0,0,1,0,0,0,0,0,0,0,0,0,0,0,0,0,2,0,0,0,0,0,0,0,0,0,1,0,0,0,0,0,0,0,1,0,0,0,0,1,0,2,0,0,0,0,0,0,0,0,0,0,0,1,0,0,0,0,0,1,0,0,0,0,0,0,0,0,0,0,0,0,0,0,0,0,0,0,0,0,0,0,0,0,0,0,0,0,0,0,0,0,0,0,0,0,0,0,0,0,0,0,0,0,0,0,0,0,0,0,0,0,0,0,0,0,0,0,0,0,0,0,0,0,0,1,0,0,0,0,0,0,0,0,0,1,0,0,0,0,0,3,0,0,0,0,0,0,0,0,0,0
MMR,0,0,0,0,0,0,0,0,0,0,0,0,0,0,0,0,0,0,0,0,0,0,0,1,0,0,0,0,0,0,0,0,0,0,0,0,0,0,0,0,0,0,0,0,0,0,0,0,0,0,0,0,0,0,0,0,0,0,0,0,0,0,0,0,0,0,0,0,0,0,0,0,0,0,0,2,0,0,0,0,0,0,0,1,0,0,0,0,0,0,0,0,0,0,0,0,0,0,0,0,0,0,0,0,0,0,0,0,0,0,0,0,0,0,0,0,0,0,0,1,0,0,0,0,0,0,0,0,0,0,0,0,0,1,0,0,0,0,0,0,0,0,0,2,0,0,0,0,0,0,0,0,0,0,0,0,0,0,1,0,0,0,0,0,0
MNE,0,0,0,0,0,0,0,0,0,0,0,0,0,0,0,0,0,0,0,0,0,0,0,0,0,0,0,1,0,2,0,0,0,0,0,0,0,0,0,1,0,0,0,0,0,0,0,0,0,0,0,0,0,0,0,0,0,0,0,0,0,0,0,0,0,0,1,0,0,0,0,0,1,0,0,0,0,0,0,0,0,0,0,0,0,0,0,0,0,0,0,0,0,0,0,0,0,0,0,0,0,0,0,0,0,0,0,0,0,0,0,1,0,0,0,0,0,0,0,0,0,0,0,0,0,0,0,0,1,0,0,0,0,0,0,0,1,0,0,0,0,0,0,0,0,0,0,0,0,0,0,0,0,0,1,0,0,0,0,0,0,0,0,0,0
MNG,0,0,0,0,0,0,0,0,0,0,0,0,0,0,0,0,0,0,0,0,0,0,0,0,0,0,0,0,0,3,0,0,0,0,0,0,0,0,0,0,0,0,0,0,0,0,0,0,0,0,0,0,0,0,0,0,0,0,0,0,0,0,0,0,0,0,0,0,0,0,0,0,0,0,0,3,0,0,0,0,0,0,0,0,0,0,0,0,0,0,0,0,0,0,0,0,0,0,0,0,0,0,0,0,0,0,0,0,0,0,0,0,0,0,0,0,0,0,0,0,0,0,0,0,0,0,0,0,0,0,0,0,0,0,0,0,0,0,0,0,0,0,0,0,0,0,0,0,0,0,0,0,0,0,0,0,0,0,0,0,0,0,0,0,0
MOZ,0,0,0,0,0,0,0,0,0,0,0,0,0,0,0,0,0,0,0,0,0,1,0,0,0,0,0,0,0,0,0,0,0,0,0,0,0,0,0,0,0,0,0,0,0,0,0,0,0,0,0,0,0,0,0,0,0,0,0,0,0,0,0,0,0,0,0,0,0,0,0,0,0,0,0,0,0,0,0,0,0,0,0,0,0,0,0,0,0,0,0,0,0,0,0,0,0,0,0,0,0,0,0,0,0,0,0,0,0,0,0,0,0,0,0,0,0,0,0,0,0,0,0,0,0,0,0,0,0,0,0,0,0,0,0,0,0,0,0,0,0,0,0,0,0,0,0,0,0,0,0,0,0,0,0,0,0,0,0,0,0,0,0,0,0
MUS,0,0,0,0,0,0,0,0,0,0,0,0,0,0,0,0,0,0,0,0,0,0,0,0,0,0,0,0,0,0,0,0,0,0,0,0,0,0,1,0,0,0,0,0,0,0,0,1,0,0,0,0,0,0,0,0,0,0,0,0,0,0,0,0,0,0,0,0,1,0,0,0,0,0,0,0,0,0,0,0,0,0,0,0,0,0,0,0,0,0,0,0,0,0,0,0,0,0,0,0,0,0,0,0,0,0,0,0,0,0,0,0,0,0,0,0,0,0,0,0,0,0,0,0,0,0,0,0,0,0,0,0,0,0,0,1,0,0,0,0,0,0,0,0,0,0,0,0,0,0,0,0,0,0,0,0,0,0,0,0,0,0,0,0,1
MWI,0,0,0,0,0,0,0,0,0,0,0,0,0,0,0,0,0,0,0,0,0,0,0,0,0,0,1,0,0,0,0,1,0,0,0,0,0,0,0,1,0,0,0,0,0,0,0,0,0,0,0,0,0,0,1,0,0,0,0,0,0,0,0,0,0,0,0,0,0,0,0,0,0,0,0,1,0,0,0,0,0,0,0,0,0,0,0,0,0,0,0,0,0,0,0,0,0,0,1,0,0,0,0,0,0,0,0,0,0,0,1,0,0,0,0,0,0,0,0,0,0,0,0,1,0,0,0,0,0,0,0,0,1,0,0,0,0,0,1,0,0,0,1,0,0,0,0,0,0,0,0,1,0,0,1,0,0,0,0,0,0,0,1,0,0
MYS,0,0,0,0,40,0,0,0,53,1,0,0,0,0,0,9,0,1,0,0,0,0,0,1,0,0,12,0,0,106,0,0,0,0,1,0,0,0,4,7,0,0,0,0,2,0,13,17,0,1,5,0,5,0,38,0,0,0,0,0,0,0,0,0,4,13,61,3,10,38,0,0,8,0,52,26,1,0,1,0,0,8,2,0,18,2,0,0,0,0,1,0,2,0,0,0,2,0,0,0,0,0,0,0,0,0,0,0,0,0,11,1,4,0,0,1,30,0,0,3,0,6,0,3,0,2,4,1,2,0,38,1,0,8,0,5,0,0,8,0,0,0,0,5,0,1,0,0,25,27,1,0,1,0,25,0,0,0,8,0,6,0,0,0,0
NAM,0,0,0,0,0,0,0,0,1,0,0,0,0,0,0,0,0,0,0,0,0,0,0,0,0,0,0,0,0,0,0,0,0,0,0,0,0,0,0,1,0,0,0,0,0,0,0,0,0,0,0,0,0,0,0,0,0,0,0,0,0,0,0,0,0,0,0,0,0,0,0,0,0,0,0,0,0,0,0,0,0,0,0,0,0,0,0,0,0,0,0,0,0,0,0,0,0,0,0,0,0,0,0,0,0,0,0,0,0,0,1,0,0,0,0,0,0,0,0,0,0,0,0,0,0,0,0,0,0,0,0,0,0,0,0,0,0,0,0,0,0,0,0,0,0,0,0,0,0,0,0,0,0,0,0,0,0,0,0,0,0,0,0,0,0
NCL,0,0,0,0,0,0,0,0,0,0,0,0,0,0,0,0,0,0,0,0,0,0,0,0,0,0,0,0,0,1,0,0,0,0,0,0,0,0,0,0,0,0,0,0,0,0,0,0,0,0,0,0,2,0,0,0,0,0,0,0,0,0,0,0,0,0,0,0,0,0,0,0,0,0,0,0,0,0,0,0,0,0,0,0,0,0,0,0,0,0,0,0,0,0,0,0,0,0,0,0,0,0,0,0,0,0,0,0,0,0,0,0,0,0,0,0,0,0,0,0,0,0,0,0,0,0,0,0,0,0,0,0,0,0,0,0,0,0,0,0,0,0,0,0,0,0,0,0,0,0,0,0,0,0,0,0,0,0,0,0,0,0,0,0,0
NER,0,0,0,0,0,0,0,0,0,0,0,0,0,0,0,0,0,0,0,0,0,0,0,0,0,0,0,0,0,0,0,0,0,0,0,0,0,0,0,0,0,0,0,0,0,0,0,0,0,0,0,0,0,0,0,0,0,0,0,0,0,0,0,0,0,0,0,0,0,0,0,0,0,0,0,0,0,0,0,0,0,0,0,0,0,0,0,0,0,0,0,0,0,0,0,0,0,0,0,0,0,0,0,0,0,0,0,0,0,0,0,0,0,0,0,0,0,0,0,0,0,0,0,0,0,0,0,0,0,0,0,0,0,0,0,0,0,0,0,0,0,0,0,0,0,0,0,0,0,0,0,0,0,0,0,0,0,0,0,0,0,0,0,0,0
NGA,0,0,1,0,0,0,0,0,0,3,0,0,0,0,0,0,0,0,0,0,0,0,0,0,0,0,3,1,0,9,0,1,0,0,0,0,0,1,0,8,0,0,0,0,0,0,0,1,0,5,2,0,0,0,8,0,1,0,1,0,0,0,0,0,0,0,7,0,1,1,0,0,3,0,0,2,0,0,0,0,0,2,0,0,0,0,0,0,0,2,0,0,0,0,0,0,2,0,1,0,0,0,0,0,0,1,11,1,0,0,0,2,4,3,0,0,1,0,0,0,0,1,0,3,0,0,0,1,0,1,5,0,1,0,0,0,0,0,3,0,0,0,1,0,0,0,0,0,2,0,0,1,0,0,8,0,0,0,0,0,0,0,6,0,0
NLD,0,0,0,0,16,2,0,0,32,47,0,0,51,0,0,0,0,0,1,0,1,17,0,0,0,0,45,63,8,126,0,0,0,0,5,2,0,6,23,212,0,0,33,0,0,1,2,59,1,2,15,0,72,0,160,0,1,0,18,0,0,0,0,2,3,5,12,16,14,0,1,13,101,0,1,22,1,0,0,0,0,7,1,0,1,0,1,0,0,0,7,1,1,0,0,0,4,0,0,0,0,1,0,0,0,0,1,0,0,0,2,0,31,3,5,0,0,0,0,4,0,20,1,25,0,1,4,3,8,0,1,0,0,24,0,3,1,8,32,0,0,0,0,0,0,0,0,0,26,13,0,0,0,1,177,0,0,0,3,0,0,0,5,0,0
NOR,0,0,0,0,18,0,0,0,13,9,0,0,5,0,0,0,1,0,0,1,0,10,0,0,0,0,14,17,2,60,0,1,0,0,2,0,0,1,5,55,0,0,16,0,0,0,1,22,3,0,12,0,21,0,46,0,1,0,4,0,0,0,0,0,1,0,33,5,7,2,1,3,24,0,1,4,0,0,0,0,0,9,0,0,12,0,0,1,0,2,1,0,1,0,0,0,1,0,0,0,0,0,0,0,0,0,4,0,0,0,4,31,0,0,0,1,11,0,0,0,0,7,1,6,0,0,1,6,2,0,9,0,0,3,0,0,0,4,24,0,0,0,0,0,0,0,0,0,5,9,0,0,1,0,41,0,0,0,8,0,0,0,0,0,0
NPL,0,0,0,0,2,0,0,0,1,2,0,0,1,0,0,0,0,0,0,0,0,0,0,0,0,0,2,1,0,3,0,0,0,0,0,0,0,0,1,4,0,0,1,0,0,0,1,2,0,0,1,0,3,0,10,0,0,0,0,0,0,0,0,0,0,0,5,0,0,0,0,0,4,0,1,2,0,0,0,0,0,1,0,0,0,0,0,0,0,0,0,0,0,0,0,0,0,0,0,0,0,0,0,0,0,0,0,0,0,0,3,3,0,0,0,0,3,0,0,0,0,2,0,2,0,0,0,0,1,0,0,0,0,0,0,0,0,1,0,0,0,0,0,0,0,0,0,0,1,0,0,0,0,0,5,0,0,0,0,0,0,0,0,0,0
NZL,0,0,0,0,2,0,0,0,34,2,0,0,2,0,0,0,4,0,0,0,0,1,0,0,0,0,9,3,4,97,0,0,0,0,1,0,0,0,2,11,0,0,3,0,0,1,0,8,0,0,2,0,9,0,23,0,1,0,0,0,0,0,0,0,0,1,4,2,0,0,0,0,6,0,1,12,0,0,0,0,0,2,0,0,0,0,0,1,0,0,0,0,0,0,0,0,1,0,0,0,0,0,0,0,0,0,0,0,0,0,0,5,0,0,0,0,5,0,0,0,0,1,0,1,0,0,0,0,1,0,3,0,0,14,0,0,1,0,2,0,0,0,0,0,0,0,0,0,2,0,0,0,0,0,36,0,0,1,2,0,0,0,0,0,0
OMN,0,0,0,0,4,0,0,0,6,0,0,0,1,0,0,1,0,0,0,0,0,0,0,0,0,1,4,0,0,7,0,0,0,0,0,0,0,0,0,1,0,0,0,0,0,0,5,2,0,0,1,0,0,0,3,0,1,0,0,0,0,0,0,0,2,0,7,0,4,0,0,0,0,0,1,0,0,0,0,0,0,0,0,0,0,0,0,1,0,0,0,0,0,0,0,0,0,0,0,0,0,0,0,0,0,0,1,0,0,0,0,0,1,0,0,0,3,0,0,0,0,1,0,0,0,0,1,0,1,0,7,0,0,2,0,1,0,0,0,0,0,0,0,0,0,0,0,1,2,2,0,0,0,0,5,0,0,0,0,0,0,0,0,0,0
PAK,3,0,2,0,66,0,0,0,30,4,1,0,4,0,0,0,0,3,0,0,0,0,0,0,0,0,12,0,1,131,0,0,0,0,1,0,0,0,5,15,0,0,2,0,2,0,23,15,1,1,7,0,4,2,58,0,0,0,0,0,0,0,0,0,2,2,40,12,6,15,0,0,12,0,27,3,1,0,0,0,0,55,1,0,25,1,0,0,0,1,4,0,0,0,0,0,1,0,0,0,0,0,0,0,0,0,30,0,0,0,1,0,11,3,5,3,0,0,0,1,0,4,0,7,0,0,12,3,4,0,163,0,0,4,0,11,1,0,9,0,0,0,0,5,0,0,0,6,34,21,0,0,0,0,43,1,0,0,4,0,4,0,4,0,0
PAN,0,0,0,0,0,0,0,0,0,0,0,0,0,0,0,0,0,0,0,0,0,0,0,0,0,0,0,0,1,0,0,0,0,0,1,0,0,0,0,0,0,0,0,0,0,0,0,2,0,0,0,0,0,0,0,0,0,0,0,0,0,0,0,0,0,0,0,0,0,0,0,0,0,0,0,0,0,0,0,0,0,0,0,0,0,0,0,0,0,0,0,0,0,0,0,0,0,0,0,0,0,0,0,0,0,0,0,0,0,0,0,0,0,0,0,0,0,0,0,0,0,0,0,0,0,0,0,0,0,0,0,0,0,0,0,0,0,0,0,0,0,0,0,0,0,0,0,0,0,0,0,0,0,0,0,0,0,0,0,0,0,0,0,0,0
PER,0,0,0,0,0,1,0,0,0,0,0,0,0,0,0,0,0,0,0,0,0,5,0,0,0,0,1,0,5,0,0,0,0,0,0,0,0,0,0,2,0,0,0,0,0,2,0,3,0,0,0,0,1,0,2,0,0,0,0,0,0,0,0,0,0,0,0,0,1,0,0,0,0,0,0,1,0,0,0,0,0,0,0,0,0,0,0,0,0,0,0,0,0,0,0,0,2,0,0,0,0,0,0,0,0,0,0,0,0,0,0,0,0,0,0,0,0,0,0,0,0,1,0,0,0,0,0,0,0,0,0,0,0,0,0,0,0,0,0,0,0,0,0,0,0,0,0,0,0,0,0,0,0,0,9,0,0,0,1,0,0,0,0,0,0
PHL,0,0,0,0,1,0,0,0,0,0,0,0,0,0,0,0,0,1,0,0,0,0,0,0,0,0,0,1,0,22,0,0,0,0,0,0,0,0,2,1,0,0,0,0,0,0,0,0,0,1,0,0,0,0,5,0,0,0,0,0,0,0,0,0,0,0,2,0,1,0,0,0,0,0,0,3,0,0,0,0,0,1,0,1,0,0,0,0,0,0,0,0,0,0,0,0,0,0,0,0,1,0,0,0,0,0,3,0,0,0,0,4,0,0,0,0,1,0,0,0,0,1,0,0,0,0,0,1,0,0,2,0,0,1,0,1,0,0,0,0,0,0,0,1,0,0,0,0,0,9,0,0,0,0,3,0,0,0,0,0,0,0,0,0,0
PNG,0,0,0,0,0,0,0,0,0,0,0,0,0,0,0,0,0,0,0,0,0,0,0,0,0,0,0,0,0,0,0,0,0,0,0,0,0,0,0,0,0,0,0,0,0,0,0,0,0,0,0,0,0,0,0,0,0,0,0,0,0,0,0,0,0,0,0,0,0,0,0,0,0,0,0,0,0,0,0,0,0,0,0,0,0,0,0,0,0,0,0,0,0,0,0,0,0,0,0,0,0,0,0,0,0,0,0,0,0,0,0,0,0,0,0,0,0,0,0,0,0,0,0,0,0,0,0,0,0,0,0,0,0,0,0,0,0,0,0,0,0,0,0,0,0,0,0,0,0,0,0,0,0,0,0,0,0,0,0,0,0,0,0,0,0
POL,0,0,0,0,7,1,0,0,12,9,0,0,11,0,0,3,0,0,0,1,1,3,0,0,0,0,83,17,5,101,0,0,0,0,3,0,0,3,18,32,0,0,8,0,1,2,3,35,1,1,6,0,25,0,53,1,0,0,8,0,0,0,0,2,1,0,23,4,5,1,3,6,35,0,4,11,1,0,0,0,0,19,0,0,8,1,0,0,0,3,8,0,1,0,0,0,0,0,0,0,0,0,0,0,0,0,6,0,0,0,1,20,7,2,1,1,4,0,1,1,0,0,0,8,0,0,6,3,3,0,34,0,0,3,0,10,5,2,7,0,0,0,0,1,0,0,0,0,53,11,0,0,9,0,72,0,0,0,20,0,0,0,2,0,0
PRK,0,0,0,0,1,0,0,0,0,0,0,0,0,0,0,0,0,0,0,0,0,0,0,0,0,0,0,0,0,6,0,0,0,0,0,0,0,0,0,0,0,0,0,0,0,0,0,0,0,0,0,0,0,0,1,0,0,0,0,0,0,0,0,0,0,0,1,0,0,0,0,0,0,0,0,0,0,0,0,0,0,1,0,0,0,0,0,0,0,0,0,0,0,0,0,0,0,0,0,0,0,0,0,0,0,0,0,0,0,0,0,1,1,0,0,0,0,0,0,0,0,0,0,0,0,0,0,0,0,0,0,0,0,0,0,0,0,0,0,0,0,0,0,0,0,0,0,0,0,0,0,0,0,0,1,0,0,0,0,0,0,0,0,0,0
PRT,0,0,0,0,11,1,0,0,7,8,0,0,6,0,0,0,0,0,1,0,1,57,0,0,0,0,17,12,2,20,0,1,0,0,3,0,0,1,6,43,0,0,7,0,0,2,2,46,1,1,7,0,23,0,44,0,0,0,5,0,0,0,0,1,1,1,19,3,6,3,0,4,44,0,2,5,0,0,0,0,0,8,0,0,2,0,0,0,0,0,2,0,0,0,0,0,2,1,1,0,0,0,0,0,0,1,3,0,0,0,3,25,6,2,1,0,7,0,0,0,0,8,0,0,0,0,0,0,3,0,3,0,1,3,0,1,2,6,9,0,0,0,1,0,0,0,0,0,6,3,0,1,1,0,60,0,0,0,0,0,0,0,2,0,0
PRY,0,0,0,0,0,1,0,0,0,0,0,0,0,0,0,0,0,0,0,0,0,0,0,0,0,0,0,0,0,0,0,0,0,0,0,0,0,0,0,0,0,0,0,0,0,0,0,0,0,0,0,0,0,0,0,0,0,0,0,0,0,0,0,0,0,0,0,0,0,0,0,0,0,0,0,0,0,0,0,0,0,0,0,0,0,0,0,0,0,0,0,0,0,0,0,0,0,0,0,0,0,0,0,0,0,0,0,0,0,0,0,0,0,0,0,0,0,0,0,0,0,0,0,0,0,0,0,0,0,0,0,0,0,0,0,0,0,0,0,0,0,0,0,0,0,0,0,0,0,0,0,0,0,0,0,0,0,0,0,0,0,0,0,0,0
PSE,0,0,0,0,9,0,0,0,0,0,0,0,0,0,0,0,0,0,0,0,0,0,0,0,0,0,0,0,0,1,0,0,0,0,0,0,0,0,0,0,0,0,0,0,0,0,0,0,0,0,0,0,2,0,2,0,0,0,0,0,0,0,0,0,0,0,0,0,1,1,0,1,0,0,12,0,0,0,0,0,0,0,3,0,1,0,0,0,0,0,0,0,0,0,0,0,0,0,0,0,0,0,0,0,0,0,2,0,0,0,0,1,0,0,0,0,0,0,0,0,0,0,0,0,0,0,0,0,0,0,0,0,0,0,0,0,0,0,0,0,0,0,0,0,0,0,0,0,2,0,0,0,0,0,4,0,0,0,0,0,0,0,0,0,0
QAT,0,0,0,0,21,0,0,0,14,0,0,0,0,0,0,10,0,0,0,0,0,0,0,0,0,0,11,0,0,55,0,0,0,0,0,0,0,0,1,6,0,0,1,0,2,0,2,1,0,1,3,0,2,0,12,0,0,0,0,0,0,0,0,0,0,0,10,0,4,3,0,0,6,0,17,1,0,0,0,0,0,2,2,0,3,0,0,0,0,0,0,0,0,0,0,0,1,0,0,0,0,0,0,0,0,0,4,0,0,0,0,4,1,0,0,1,12,0,0,0,0,6,0,0,0,0,0,0,0,0,13,0,0,18,0,0,0,0,5,0,1,0,0,0,0,0,0,0,8,0,0,0,0,0,21,0,0,0,1,0,0,0,2,0,0
ROU,0,0,0,0,3,0,0,0,1,2,0,0,6,0,0,0,0,0,0,1,0,0,0,0,0,0,3,2,0,1,0,0,0,0,1,0,0,0,1,10,0,0,2,0,1,0,0,8,0,0,0,0,5,0,11,0,0,0,4,0,0,0,0,0,5,0,6,2,0,0,1,3,5,0,0,0,0,0,0,0,0,0,0,0,3,0,0,0,0,0,1,0,0,0,0,0,0,0,0,0,0,0,0,0,0,0,1,0,0,0,1,3,6,0,0,0,3,0,0,1,0,3,0,0,0,0,0,0,0,0,1,0,0,0,0,2,1,2,5,0,0,0,0,0,0,0,0,0,8,2,0,0,0,0,18,0,0,0,2,0,0,0,0,0,0
RUS,0,0,0,0,17,0,1,0,5,3,1,0,1,0,0,0,0,0,0,0,0,2,0,0,0,0,4,1,0,32,0,0,0,0,0,0,1,0,3,27,0,0,1,0,0,0,2,2,0,0,2,0,12,0,28,0,0,0,2,0,0,0,0,0,1,3,13,0,6,2,0,4,7,0,0,2,1,0,1,0,0,12,0,0,1,0,0,0,0,0,0,0,1,0,0,0,3,0,0,0,0,1,0,0,0,0,2,0,0,0,0,8,2,1,1,1,4,0,0,0,0,3,0,3,0,0,0,0,0,0,9,1,0,4,0,3,0,0,0,0,0,0,0,0,0,0,0,0,2,1,0,0,0,0,28,0,0,0,3,0,0,0,0,0,0
RWA,0,0,0,0,0,0,0,0,0,0,0,0,0,0,0,0,0,0,0,0,0,0,0,0,0,0,0,0,0,1,0,0,0,0,0,0,0,0,0,0,0,0,0,0,0,0,0,0,0,0,0,0,0,0,0,0,0,0,0,0,0,0,0,0,0,2,0,0,0,0,0,0,0,0,0,1,0,0,0,0,0,1,0,0,0,0,0,0,0,0,0,0,0,0,0,0,0,0,0,0,0,0,0,0,0,0,0,0,0,0,1,0,0,0,0,0,0,0,0,0,0,0,0,0,0,0,0,0,0,0,0,0,0,1,0,0,0,0,0,0,0,0,0,0,0,0,0,0,0,0,1,0,0,0,1,0,0,0,0,0,0,0,1,0,0
SAU,0,0,1,0,63,0,0,0,46,3,0,0,2,0,0,15,0,2,1,0,0,4,0,2,0,0,57,7,2,206,0,1,0,0,1,0,0,2,10,14,0,0,4,0,14,0,121,19,0,8,5,1,21,2,95,1,1,0,3,0,0,0,0,1,1,3,183,5,17,31,0,0,16,0,54,9,3,0,0,0,0,42,9,0,34,2,0,1,0,1,2,0,2,0,0,0,3,0,0,0,0,0,0,0,0,0,38,0,0,0,5,1,9,0,3,7,163,0,0,2,0,34,0,3,0,0,13,1,9,0,0,3,0,9,0,10,2,0,11,0,0,1,0,8,0,0,0,44,41,29,0,0,1,0,147,1,0,0,4,0,17,0,6,0,0
SDN,0,0,0,0,0,0,0,0,0,0,0,0,0,0,0,0,0,0,0,0,0,0,0,0,0,0,1,0,0,2,0,0,0,0,0,0,0,0,0,1,0,0,0,0,0,0,1,0,0,0,0,0,0,0,0,0,0,0,0,0,0,0,0,0,0,0,2,0,1,1,0,0,0,0,0,0,0,0,0,0,0,0,0,0,0,0,0,0,0,0,0,0,0,0,0,0,0,0,0,0,0,0,0,0,0,0,1,0,0,0,0,0,0,0,0,0,0,0,0,0,0,0,0,0,0,0,0,0,1,0,3,0,0,0,0,0,0,0,0,0,0,0,0,0,0,0,0,0,1,1,0,0,0,0,2,0,0,0,0,0,0,0,0,0,0
SEN,0,0,0,0,0,0,0,0,0,0,0,0,0,0,0,0,0,0,0,0,0,0,0,0,0,0,1,0,0,0,0,1,0,0,0,0,0,0,0,1,0,0,0,0,0,0,0,0,0,0,0,0,3,0,1,0,0,0,0,0,0,0,0,0,0,0,0,0,0,0,0,0,0,0,0,1,0,0,0,0,0,0,0,0,0,0,0,0,0,0,0,0,0,0,0,0,0,0,1,0,0,0,0,0,0,1,0,0,0,0,1,0,0,0,0,0,0,0,0,0,0,0,0,1,0,0,0,0,0,0,0,0,0,0,0,0,0,0,1,0,0,0,1,0,0,0,0,0,0,0,0,1,0,0,1,0,0,0,0,0,0,0,1,0,0
SGP,0,0,0,0,27,1,0,0,157,4,0,0,12,0,0,2,2,0,0,0,0,3,0,0,0,0,52,20,0,1281,0,0,0,0,0,0,0,0,7,72,0,0,6,0,0,0,2,11,1,0,13,0,31,0,140,0,0,0,4,0,0,0,0,2,1,4,46,2,5,0,0,3,7,0,2,48,0,0,0,0,0,21,1,0,0,0,0,2,0,0,1,0,0,0,0,0,1,0,0,0,1,0,0,0,0,0,8,0,0,0,0,24,3,0,14,2,4,0,0,1,0,3,0,3,0,0,18,0,4,1,9,0,0,0,0,0,0,0,10,0,0,0,0,2,0,0,0,0,11,16,0,0,0,0,278,0,0,0,15,0,0,0,0,0,0
SLV,0,0,0,0,0,0,0,0,0,0,0,0,0,0,0,0,0,0,0,0,0,0,0,0,0,0,0,0,0,0,0,0,0,0,0,0,0,0,0,0,0,0,0,0,0,0,0,0,0,0,0,0,0,0,0,0,0,0,0,0,0,0,3,0,0,0,0,0,0,0,0,0,0,0,0,0,0,0,0,0,0,0,0,0,0,0,0,0,0,0,0,0,0,0,0,0,0,0,0,0,0,0,0,0,0,0,0,0,0,0,0,0,0,0,0,0,0,0,0,0,0,0,0,0,0,0,0,0,0,0,0,0,0,0,0,0,0,0,0,0,0,0,0,0,0,0,0,0,0,0,0,0,0,0,0,0,0,0,0,0,0,0,0,0,0
SRB,1,0,0,0,2,1,0,0,8,3,0,0,4,0,0,0,0,0,13,0,1,2,0,0,0,0,5,2,2,38,0,0,0,0,1,0,0,0,6,8,0,0,3,0,1,1,2,10,0,0,3,0,9,0,27,0,0,0,7,0,0,0,0,0,3,0,22,3,4,6,0,3,8,0,5,3,0,0,0,0,0,10,2,0,21,1,0,0,0,1,1,0,0,0,0,0,3,0,0,0,0,0,0,0,1,0,5,0,0,0,0,3,0,0,0,1,11,0,0,1,0,10,0,1,0,0,0,2,3,0,10,0,0,0,0,0,1,0,0,0,0,0,0,0,0,0,0,0,34,54,0,0,2,0,15,0,0,0,2,0,0,0,0,0,0
SVK,0,0,0,0,0,0,0,0,2,1,0,0,0,0,0,0,0,0,2,0,0,4,0,0,0,0,2,1,0,11,0,0,0,0,0,0,0,0,21,1,0,0,1,0,0,0,0,11,0,1,0,0,6,0,0,0,0,0,0,0,0,0,0,0,7,0,2,0,1,0,0,1,3,0,0,0,0,1,0,0,0,2,0,0,0,0,0,0,0,1,0,0,0,0,0,0,0,0,0,0,0,1,0,0,0,0,0,0,0,0,0,1,0,0,1,0,1,0,0,0,0,5,0,2,0,0,0,1,0,0,2,0,0,0,0,1,0,1,0,0,0,0,0,0,0,0,0,0,1,1,0,0,5,0,6,1,0,0,0,0,0,0,0,0,0
SVN,0,0,0,0,4,0,0,0,7,8,0,0,7,0,0,0,1,0,3,0,0,1,0,0,0,0,1,9,1,10,0,0,0,0,0,1,0,1,5,13,0,0,5,0,0,0,1,8,0,0,4,0,11,0,14,0,0,0,4,0,0,0,0,4,0,0,8,2,1,0,0,2,14,0,1,4,0,0,0,0,0,4,2,0,0,0,0,0,0,0,2,0,0,0,0,0,0,2,0,0,0,0,0,0,0,0,0,0,0,0,0,8,4,1,0,0,0,0,0,0,0,2,0,6,0,0,0,2,0,0,0,0,0,0,0,0,1,0,7,0,0,0,0,0,0,0,0,0,5,2,0,0,1,0,9,0,0,0,0,0,0,0,1,0,0
SWE,0,0,0,0,36,0,0,0,38,17,0,0,22,0,0,0,0,0,0,1,0,3,0,0,0,0,25,28,0,87,0,1,0,0,0,0,0,3,11,96,0,0,17,0,1,0,6,31,2,1,39,0,25,0,76,1,0,0,11,0,0,0,0,0,1,0,17,9,11,1,0,7,41,0,6,15,0,1,0,0,0,11,0,0,2,0,0,1,0,1,4,0,0,0,0,0,3,0,1,1,0,0,0,0,0,1,8,0,0,0,3,32,24,0,2,0,9,0,0,0,0,7,0,9,0,0,5,5,0,0,11,0,1,10,0,0,0,7,0,0,0,0,1,2,0,0,0,0,6,9,0,1,2,1,112,0,0,0,6,0,0,0,5,0,0
SWZ,0,0,0,0,0,0,0,0,0,0,0,0,0,0,0,0,0,0,0,0,0,0,0,0,0,0,0,0,0,0,0,0,0,0,0,0,0,0,0,0,0,0,0,0,0,0,0,0,0,0,0,0,0,0,0,0,0,0,0,0,0,0,0,0,0,0,0,0,0,0,0,0,0,0,0,0,0,0,0,0,0,0,0,0,0,0,0,0,0,0,0,0,0,0,0,0,0,0,0,0,0,0,0,0,0,0,0,0,0,0,0,0,0,0,0,0,0,0,0,0,0,0,0,0,0,0,0,0,0,0,0,0,0,0,0,0,0,0,0,0,0,0,0,0,0,0,0,0,0,0,0,0,0,0,0,0,0,0,0,0,0,0,2,0,2
SYC,0,0,0,0,0,0,0,0,0,0,0,0,0,0,0,0,0,0,0,0,0,0,0,0,0,0,0,0,0,1,0,0,0,0,0,0,0,0,0,0,0,0,0,0,0,0,0,0,0,0,0,0,0,0,0,0,0,0,0,0,0,0,0,0,0,0,0,0,0,0,0,0,0,0,0,0,0,0,0,0,0,0,0,0,0,0,0,0,0,0,0,0,0,0,0,0,0,0,0,0,0,0,0,0,0,0,0,0,0,0,0,0,0,0,0,0,0,0,0,0,0,0,0,0,0,0,1,0,0,0,0,0,0,0,0,0,0,0,0,0,0,0,0,0,0,0,0,0,0,0,0,0,0,0,0,0,0,0,0,0,0,0,0,0,0
SYR,0,0,0,0,0,0,0,0,0,0,0,0,0,0,0,0,0,0,0,0,0,0,0,0,0,0,0,0,0,1,0,0,0,0,0,0,0,0,0,3,0,0,0,0,0,0,0,0,0,0,0,0,0,0,0,0,0,0,0,0,0,0,0,0,0,0,0,0,4,0,0,0,0,0,0,0,0,0,0,0,0,0,0,0,0,0,0,0,0,0,0,0,0,0,0,0,0,0,0,0,0,0,0,0,0,0,0,0,0,0,0,0,0,0,0,0,0,0,0,0,0,0,0,0,0,0,0,0,0,0,1,0,0,0,0,0,0,0,0,0,0,0,0,0,0,0,0,0,0,0,0,0,0,0,1,0,0,0,0,0,0,0,0,0,0
TGO,0,0,0,0,0,0,0,0,0,0,0,0,0,0,0,0,0,0,0,0,0,0,0,0,0,0,1,0,0,0,0,1,0,0,0,0,0,0,0,1,0,0,0,0,0,0,0,0,0,0,0,0,1,0,1,0,0,0,0,0,0,0,0,0,0,0,0,0,0,0,0,0,0,0,0,1,0,0,0,0,0,0,0,0,0,0,0,0,0,0,0,0,0,0,0,0,0,0,1,0,0,0,0,0,0,1,0,0,0,0,1,0,0,0,0,0,0,0,0,0,0,0,0,1,0,0,0,0,0,0,0,0,1,0,0,0,0,0,1,0,0,0,0,0,0,0,0,0,0,0,0,1,0,0,1,0,0,0,0,0,0,0,1,0,0
THA,0,0,0,0,0,0,0,0,7,0,0,0,0,0,0,2,0,0,0,0,0,0,0,1,0,1,2,1,0,24,0,0,0,0,0,0,0,0,0,4,0,0,6,0,0,0,1,1,0,1,2,1,0,0,10,0,0,0,1,0,0,0,0,0,2,4,14,3,3,0,0,0,1,0,1,22,0,0,0,1,0,4,1,1,3,0,0,1,0,0,1,0,0,0,0,0,1,0,0,0,2,0,0,0,0,0,5,0,0,0,0,0,0,0,0,0,5,0,0,1,0,1,0,0,0,0,0,0,0,0,8,0,0,2,0,0,0,0,2,0,0,0,0,0,0,0,0,0,3,8,0,0,0,0,17,0,0,0,5,0,0,0,1,0,0
TJK,0,0,0,0,0,0,0,0,0,0,0,0,0,0,0,0,0,0,0,0,0,0,0,0,0,0,0,0,0,0,0,0,0,0,0,0,0,0,0,0,0,0,0,0,0,0,0,0,0,0,0,0,0,0,0,0,0,0,0,0,0,0,0,0,0,0,0,0,0,0,0,0,0,0,0,0,0,0,0,0,0,0,0,0,0,0,0,0,0,0,0,0,0,0,0,0,0,0,0,0,0,0,0,0,0,0,0,0,0,0,0,0,0,0,0,0,0,0,0,0,0,0,0,0,0,0,0,0,0,0,0,0,0,0,0,0,0,0,0,0,0,0,0,0,0,0,0,0,0,0,0,0,0,0,0,0,0,0,0,0,0,0,0,0,0
TLS,0,0,0,0,1,0,0,0,0,0,0,0,0,0,0,0,0,0,0,0,0,0,0,0,0,0,0,0,0,1,0,0,0,0,0,0,0,0,0,0,0,0,0,0,0,0,0,0,0,0,0,0,0,0,0,0,0,0,0,0,0,0,0,0,0,1,1,0,0,0,0,0,0,0,1,0,0,0,0,0,0,0,0,0,0,0,0,0,0,0,0,0,0,0,0,0,0,0,0,0,0,0,0,0,0,0,1,0,0,0,0,0,0,0,0,0,0,0,0,0,0,0,0,0,0,0,0,0,0,0,0,0,0,0,0,0,0,0,0,0,0,0,0,0,0,0,0,0,0,0,0,0,0,0,0,0,0,0,0,0,0,0,0,0,0
TTO,0,0,0,0,0,0,0,0,0,0,0,0,0,0,0,0,0,0,0,0,0,0,0,0,0,0,0,0,0,0,0,0,0,0,0,0,0,0,0,0,0,0,0,0,0,0,0,0,0,0,0,0,0,0,0,0,0,0,0,0,0,0,0,0,0,0,0,0,0,0,0,0,0,0,0,0,0,0,0,0,0,0,0,0,0,0,0,0,0,0,0,0,0,0,0,0,0,0,0,0,0,0,0,0,0,0,0,0,0,0,0,0,0,0,0,0,0,0,0,0,0,0,0,0,0,0,0,0,0,0,0,0,0,0,0,0,0,0,0,0,0,0,0,0,0,0,0,0,0,0,0,0,0,0,0,0,0,0,0,0,0,0,0,0,0
TUN,0,0,0,0,10,0,0,0,2,0,0,0,3,0,0,0,0,4,0,0,0,0,0,0,0,0,6,1,0,5,0,1,0,0,0,0,0,0,1,4,0,0,0,0,4,0,4,3,2,0,0,0,58,2,11,0,0,0,0,0,0,0,0,0,0,0,5,1,0,9,0,0,3,0,0,1,0,0,0,0,0,2,0,0,1,0,0,0,0,0,3,0,0,0,0,0,3,0,0,0,0,0,0,0,0,0,0,0,0,0,0,0,0,0,0,1,6,0,0,0,0,0,0,0,0,0,0,0,0,0,44,0,0,0,0,0,0,0,0,0,0,0,0,0,0,0,0,0,2,0,0,0,0,0,6,0,0,0,0,0,0,0,2,0,0
TUR,1,0,1,0,9,0,0,0,38,4,4,0,5,0,0,1,1,2,7,0,0,3,0,0,0,0,65,9,1,104,0,0,0,0,0,0,0,1,9,34,0,0,9,0,7,0,12,20,6,1,5,0,7,0,99,0,1,0,1,0,0,0,0,0,4,2,51,9,35,23,0,2,16,0,18,26,4,3,0,0,0,12,6,0,51,3,0,0,0,3,1,0,1,0,0,0,4,0,0,1,0,0,0,0,0,0,25,0,0,0,2,26,5,1,2,2,34,0,0,0,0,53,0,6,0,2,8,8,2,0,41,1,0,11,0,34,1,5,6,0,0,0,0,3,0,0,0,2,0,45,0,0,1,0,71,0,0,0,6,0,0,0,2,0,0
TWN,1,0,0,0,20,0,0,0,26,3,0,0,5,0,0,1,0,0,3,0,0,1,0,0,0,0,32,3,0,207,0,0,0,0,0,0,0,0,4,13,0,0,3,0,3,0,6,8,0,1,4,0,5,0,40,0,0,0,0,0,0,0,0,0,2,13,59,3,16,11,0,1,12,0,12,38,0,0,0,0,0,26,3,0,50,1,0,0,0,1,1,0,0,0,0,0,2,0,0,0,0,0,0,0,0,0,27,0,0,0,0,13,9,0,0,2,21,0,0,9,0,11,0,3,0,0,0,2,1,0,29,1,0,16,0,54,1,2,9,0,0,0,0,8,0,0,0,0,45,0,0,0,0,0,142,0,0,0,24,0,0,0,0,0,0
TZA,0,0,0,0,0,0,0,0,1,0,0,0,0,0,0,0,0,0,0,0,0,0,0,0,0,0,0,0,0,3,0,0,0,0,0,0,0,0,0,0,0,0,0,0,0,0,0,0,0,0,1,0,0,0,0,0,0,0,0,0,0,0,0,0,0,0,0,0,0,0,0,0,0,0,0,0,0,0,0,0,0,0,0,0,0,0,0,0,0,0,0,0,0,0,0,0,0,0,0,0,0,0,0,0,0,0,1,0,0,0,0,0,0,0,0,0,0,0,0,0,0,0,0,0,0,0,0,0,0,1,0,0,0,0,0,0,0,0,0,0,0,0,0,0,0,0,0,0,0,0,0,0,0,0,1,0,0,0,0,0,0,0,0,0,0
UGA,0,0,0,0,0,0,0,0,0,0,0,0,0,0,0,0,0,0,0,0,0,1,0,1,0,0,1,0,0,0,0,1,0,0,0,0,0,0,0,1,0,0,0,0,0,0,0,0,0,0,0,0,1,0,1,0,0,0,0,0,0,0,0,0,0,0,1,0,0,0,0,0,0,0,0,1,0,0,0,0,0,0,0,0,0,0,0,0,0,0,0,0,0,0,0,0,0,0,1,0,0,0,0,0,0,1,0,0,0,0,1,0,0,0,0,0,0,0,0,0,0,0,0,1,0,0,0,0,0,0,0,0,1,0,0,0,0,0,1,0,0,0,1,0,0,0,0,0,0,0,0,0,0,0,2,0,0,0,0,0,0,0,2,0,0
UKR,0,0,0,0,0,0,0,0,0,0,0,0,0,0,0,0,3,0,0,0,0,0,0,0,0,0,2,0,0,3,0,0,0,0,0,0,0,0,3,2,0,0,0,0,0,0,0,1,0,0,1,0,1,0,3,0,0,0,0,0,0,0,0,1,0,0,3,1,0,0,0,0,2,0,2,0,1,0,0,0,0,0,0,0,0,0,0,0,0,0,0,0,0,0,0,0,0,0,0,0,0,0,0,0,0,0,1,0,0,0,0,0,1,0,0,0,0,0,0,0,0,9,0,1,0,0,0,0,0,0,1,0,0,0,0,2,5,1,2,0,0,0,0,0,0,0,0,0,1,0,0,0,0,0,3,0,0,0,0,0,0,0,0,0,0
URY,0,0,0,0,0,4,0,0,0,0,0,0,0,0,0,0,0,0,0,0,0,4,0,0,0,0,1,0,0,0,0,0,0,0,1,0,0,0,0,1,0,0,1,0,0,0,0,5,0,0,0,0,3,0,2,0,0,0,0,0,0,0,0,0,0,0,0,0,0,0,0,0,0,0,0,1,0,0,0,0,0,1,0,0,0,0,0,0,0,0,0,0,0,0,0,0,4,0,0,0,0,0,0,0,0,0,0,0,0,0,0,1,0,0,0,0,0,0,0,0,0,0,0,0,0,0,0,0,0,0,0,0,0,0,0,0,0,0,1,0,0,0,0,0,0,0,0,0,0,0,0,0,0,0,3,0,0,0,0,0,0,0,0,0,0
USA,0,0,2,0,176,8,3,0,393,98,1,0,56,0,0,41,4,0,0,1,1,104,0,0,0,2,637,368,32,2951,0,4,0,0,18,1,0,7,56,655,0,0,63,0,8,10,57,175,7,5,55,1,290,0,875,1,5,0,39,1,0,0,0,6,17,11,460,52,77,21,8,206,232,0,23,204,2,4,0,0,0,422,10,0,25,1,1,7,0,1,10,0,3,0,0,0,33,2,1,3,0,1,0,0,0,1,25,0,0,0,8,177,41,5,36,5,43,0,9,3,0,72,1,60,0,4,21,18,28,1,147,2,1,278,0,15,6,9,112,0,0,1,1,17,0,0,0,6,71,142,1,2,3,3,0,0,0,1,63,1,8,0,18,3,0
UZB,0,0,0,0,0,0,0,0,0,0,0,0,0,0,0,0,0,0,0,0,0,0,0,0,0,0,0,0,0,1,0,0,0,0,0,0,0,0,0,0,0,0,1,0,0,0,0,0,0,0,0,0,1,0,0,0,0,0,0,0,0,0,0,0,0,0,2,0,0,0,0,0,0,0,0,0,0,0,0,0,0,1,0,0,0,0,0,0,0,0,0,0,0,0,0,0,0,0,0,0,0,0,0,0,0,0,0,0,0,0,0,0,0,0,0,0,1,0,0,0,0,0,0,0,0,0,0,0,0,0,1,0,0,0,0,0,1,0,0,0,0,0,0,0,0,0,0,0,0,0,0,0,0,0,0,0,0,0,0,0,0,0,0,0,0
VAT,0,0,0,0,0,0,0,0,0,0,0,0,0,0,0,0,0,0,0,0,0,0,0,0,0,0,0,0,0,0,0,0,0,0,0,0,0,0,0,0,0,0,0,0,0,0,0,0,0,0,0,0,0,0,0,0,0,0,0,0,0,0,0,0,0,0,0,0,0,0,0,0,0,0,0,0,0,0,0,0,0,0,0,0,0,0,0,0,0,0,0,0,0,0,0,0,0,0,0,0,0,0,0,0,0,0,0,0,0,0,0,0,0,0,0,0,0,0,0,0,0,0,0,0,0,0,0,0,0,0,0,0,0,0,0,0,0,0,0,0,0,0,0,0,0,0,0,0,0,0,0,0,0,0,0,0,0,0,0,0,0,0,0,0,0
VEN,0,0,0,0,0,0,0,0,0,0,0,0,0,0,0,0,0,0,0,0,0,0,0,0,0,0,0,0,0,0,0,0,0,0,5,0,0,0,0,0,0,0,0,0,0,2,0,4,0,0,0,0,1,0,0,0,0,0,0,0,0,0,0,0,0,0,0,0,0,0,0,0,0,0,0,0,0,0,0,0,0,0,0,0,0,0,0,0,0,0,0,0,0,0,0,0,0,0,0,0,0,0,0,0,0,0,0,0,0,0,0,0,0,0,1,0,0,0,0,0,0,0,0,0,0,0,0,0,0,0,0,0,0,0,0,0,0,0,0,0,0,0,0,0,0,0,0,0,0,0,0,0,0,0,1,0,0,0,0,0,0,0,0,0,0
VNM,0,0,0,0,10,0,0,0,44,5,0,0,4,0,0,0,0,0,0,0,0,0,0,0,0,0,7,5,0,36,0,0,0,1,0,0,0,0,6,10,0,0,0,0,1,0,4,16,0,0,3,0,26,0,21,0,0,0,2,0,0,0,0,0,2,0,19,15,5,1,1,1,4,0,9,37,0,0,0,0,0,44,0,0,3,0,0,0,0,0,2,0,1,0,0,0,1,0,0,0,1,0,0,0,0,0,8,0,0,0,0,3,8,0,2,0,4,0,1,0,0,20,0,0,0,0,1,2,3,0,4,0,0,15,0,2,0,0,6,0,0,0,0,5,0,0,0,0,6,24,0,0,0,0,63,0,0,0,0,0,2,0,0,0,0
XKX,0,0,0,0,0,0,0,0,0,0,0,0,0,0,0,0,0,0,1,0,0,0,0,0,0,0,0,0,0,1,0,0,0,0,0,0,0,0,0,0,0,0,0,0,0,0,0,0,0,0,0,0,0,0,0,0,0,0,0,0,0,0,0,0,0,0,1,0,0,0,0,0,0,0,0,0,0,0,0,0,0,0,0,0,0,0,0,0,0,0,0,0,0,0,0,0,0,1,0,0,0,0,0,0,0,0,0,0,0,0,0,0,0,0,0,0,0,0,0,0,0,0,0,0,0,0,0,0,0,0,0,0,0,0,0,0,0,0,0,0,0,0,0,0,0,0,0,0,0,0,0,0,0,0,1,0,0,0,0,0,0,0,0,0,0
YEM,0,0,0,0,4,0,0,0,3,0,0,0,0,0,0,0,0,0,0,0,0,0,0,0,0,0,2,0,0,4,0,0,0,0,0,0,0,0,0,0,0,0,0,0,1,0,12,0,0,0,1,0,0,0,1,0,0,0,0,0,0,0,0,0,1,0,4,1,0,5,0,0,0,0,7,0,0,0,0,0,0,2,0,0,3,0,0,0,0,0,0,0,1,0,0,0,1,0,0,0,0,0,0,0,0,0,6,0,0,0,0,0,0,0,0,0,4,0,0,0,0,0,0,0,0,0,0,0,0,0,17,0,0,0,0,0,0,0,0,0,0,0,0,0,0,0,0,0,0,0,0,0,0,0,8,0,0,0,2,0,0,0,0,0,0
YUG,0,0,0,0,0,0,0,0,0,0,0,0,0,0,0,0,0,0,0,0,0,0,0,0,0,0,0,0,0,0,0,0,0,0,0,0,0,0,0,0,0,0,0,0,0,0,0,0,0,0,0,0,0,0,0,0,0,0,0,0,0,0,0,0,0,0,0,0,0,0,0,0,0,0,0,0,0,0,0,0,0,0,0,0,0,0,0,0,0,0,0,0,0,0,0,0,0,0,0,0,0,0,0,0,0,0,0,0,0,0,0,0,0,0,0,0,0,0,0,0,0,0,0,0,0,0,0,0,0,0,0,0,0,0,0,0,0,0,0,0,0,0,0,0,0,0,0,0,0,0,0,0,0,0,0,0,0,0,0,0,0,0,0,0,0
ZAF,0,0,0,0,3,0,0,0,5,0,0,0,3,0,0,0,0,0,0,0,0,2,0,0,0,2,13,5,0,11,0,2,0,0,0,0,0,0,0,12,0,0,2,0,0,0,1,3,1,1,4,0,7,2,19,0,1,0,0,0,0,0,0,0,0,0,6,3,4,0,0,2,5,0,0,1,0,0,0,0,0,3,6,0,1,0,0,0,0,0,0,0,0,0,0,0,2,0,1,0,0,0,0,0,0,1,0,0,0,0,6,5,0,0,0,0,4,0,0,0,0,2,0,2,0,0,2,0,0,1,6,0,1,0,0,0,0,1,5,2,0,0,1,1,0,0,0,2,2,0,0,2,0,0,18,0,0,0,0,0,0,0,0,0,6
ZMB,0,0,0,0,0,0,0,0,0,0,0,0,0,0,0,0,0,0,0,0,0,0,0,0,0,0,0,0,0,0,0,0,0,0,0,0,0,0,0,0,0,0,0,0,0,0,0,0,0,0,0,0,0,0,0,0,0,0,0,0,0,0,0,0,0,0,0,0,0,0,0,0,0,0,0,0,0,0,0,0,0,0,0,0,0,0,0,0,0,0,0,0,0,0,0,0,0,0,0,0,0,0,0,0,0,0,0,0,0,0,0,0,0,0,0,0,0,0,0,0,0,0,0,0,0,0,0,0,0,0,0,0,0,0,0,0,0,0,0,0,0,0,0,0,0,0,0,0,0,0,0,0,0,0,3,0,0,0,0,0,0,0,0,0,0
ZWE,0,0,0,0,0,0,0,0,0,0,0,0,0,0,0,0,0,0,0,0,0,0,0,0,0,0,0,0,0,0,0,0,0,0,0,0,0,0,1,0,0,0,0,0,0,0,0,0,0,0,0,0,0,0,0,0,0,0,0,0,0,0,0,0,0,0,0,0,1,0,0,0,0,0,0,0,0,0,0,0,0,0,0,0,0,0,0,0,0,0,0,0,0,0,0,0,0,0,0,0,0,0,0,0,1,0,0,0,0,0,0,0,0,0,0,0,0,0,0,0,0,0,0,0,0,0,0,0,0,0,0,0,0,0,0,0,0,0,0,2,0,0,0,0,0,0,0,0,0,0,0,0,0,0,0,0,0,0,0,0,0,0,6,0,0
